mode:5135e93a2270	CAUSED_BY	cause:0848e3aeb03a
mode:36cce192de71	CAUSED_BY	cause:67dfb9f2bd74
mode:df5c0e971993	CAUSED_BY	cause:d2733178a035
element:9fe85f87df7b	HAS_FUNCTION	function:a2e5a81a5ede78ab8f91fa0ef9f2e9f2
mode:c125c2210bb8	LEADS_TO	effect:2bf80357ba39
mode:72d5c42f3295	CAUSED_BY	cause:55b433a6c0dc
mode:dff2e8e0d849	CAUSED_BY	cause:8484260cb796
mode:3eb684cc0306	LEADS_TO	effect:eb47801dafbc
mode:1a3e0cba0976	LEADS_TO	effect:899d562f1466
mode:55f6fe5078b6	CAUSED_BY	cause:2f18dd3406b9
mode:d0d17243fe92	LEADS_TO	effect:643d5e858147
mode:2c3eff4d1390	LEADS_TO	effect:0bb201b41e23
mode:24ea7684c2e0	LEADS_TO	effect:67464b942bc3
mode:e9e132dd05de	CAUSED_BY	cause:5dc7fce9fc5c
mode:46f7623ed714	CAUSED_BY	cause:db1fa8f26925
function:2a08fbadd4e699be2e9f576c375d31b8	HAS_MODE	mode:55f6fe5078b6
mode:83c34da7e349	CAUSED_BY	cause:b46fbe1cb8ec
mode:895811469fe1	CAUSED_BY	cause:b158a3ff4217
mode:a06083f7e86b	CAUSED_BY	cause:a95f7d29b90c
mode:28a608025ff0	CAUSED_BY	cause:7d268cc35ec1
mode:5a428d824af6	CAUSED_BY	cause:4d029457ca9a
mode:273d7896243a	CAUSED_BY	cause:451e472e0279
mode:d4be5e9eef29	CAUSED_BY	cause:585c27531fc4
mode:f9aaf168ec88	LEADS_TO	effect:25647088e2fb
mode:7ed558b387ee	LEADS_TO	effect:b88bb40a9562
mode:3e62cf5faab2	CAUSED_BY	cause:4add2cb9c335
mode:3d21e9c32f85	CAUSED_BY	cause:a4bae53829bb
mode:69ccaec4e476	LEADS_TO	effect:a69da2047dcb
mode:8f68a9163e6b	CAUSED_BY	cause:4fd29b49f303
mode:a06083f7e86b	CAUSED_BY	cause:b79ce3b47c41
function:1daf53ab97ff041195ecd922dd801628	HAS_MODE	mode:3be05f22fda8
mode:83d5bff47e52	CAUSED_BY	cause:77f81fd3bf0e
mode:f0c8109da52d	LEADS_TO	effect:e717560821a9
mode:a8c91a0c4ed7	CAUSED_BY	cause:369db8da2744
mode:846cf6596a8a	CAUSED_BY	cause:c6080b588d41
mode:4138d729847e	CAUSED_BY	cause:397f233938c2
mode:8edd7857c222	LEADS_TO	effect:34bd7a1b82ea
mode:edc7b8a7d060	LEADS_TO	effect:8698fe4e0cef
mode:d6f93a90b81d	LEADS_TO	effect:10a4581fee72
mode:846cf6596a8a	CAUSED_BY	cause:ac5918a3307c
mode:ac60b44538da	LEADS_TO	effect:478f2b54ee68
element:029aee483db9	HAS_FUNCTION	function:99bca0c14cade99ae46d647ccfdcf8b0
mode:688cfea1958f	CAUSED_BY	cause:bf616d97a254
mode:7967db1388f1	CAUSED_BY	cause:6bb5c8b05773
mode:ca63d0bd4909	CAUSED_BY	cause:aa1b61b51eee
mode:6e9541d5682b	LEADS_TO	effect:4ebbb3035c16
mode:19aa01cd05a8	LEADS_TO	effect:8affa5a38e06
mode:8e5951c9fae6	LEADS_TO	effect:95d686fed479
mode:223c6e715570	CAUSED_BY	cause:53a8d6708fb3
mode:42ee22a26da8	CAUSED_BY	cause:66ae7c7113c9
mode:8e5951c9fae6	CAUSED_BY	cause:53359d5162b4
mode:1449e54d97e7	CAUSED_BY	cause:32c1857a681c
mode:8eaf04c19d2c	LEADS_TO	effect:54281c20718b
mode:19aa01cd05a8	LEADS_TO	effect:6a9994aee419
mode:2659dacc67a3	CAUSED_BY	cause:8484260cb796
mode:87b6aec1bc31	LEADS_TO	effect:d9e7d95cb3b9
mode:02e468ba7a62	LEADS_TO	effect:246090d7ba84
mode:9d4a17656863	LEADS_TO	effect:8affa5a38e06
mode:b8dd8c7906e1	LEADS_TO	effect:015f28b9df1b
element:029aee483db9	HAS_FUNCTION	function:b348d94fa38e74bc73b23d4b7c4803c7
mode:cfc7a5462564	LEADS_TO	effect:bd9800f18409
element:141d55025822	HAS_FUNCTION	function:646d8d9f671d80c8aa6767b104577640
mode:c7baddfef5dc	LEADS_TO	effect:f40089304683
mode:3bf5fab17abb	LEADS_TO	effect:2ecdde68fb94
mode:e7e164f7dcc2	CAUSED_BY	cause:a8f452cc575a
mode:69ccaec4e476	CAUSED_BY	cause:10ff7b30d46c
function:74248c725e00bf9fe04df4e35b249a19	HAS_MODE	mode:7643a6f4efff
mode:7ec1f003bb53	CAUSED_BY	cause:34730cc067ec
mode:4553c605dfe9	CAUSED_BY	cause:5d76fc3a9e11
mode:cac305d864aa	LEADS_TO	effect:643d5e858147
mode:6d240a697354	LEADS_TO	effect:dc568a03b8e7
mode:ad912839fa3a	LEADS_TO	effect:95d686fed479
mode:31e70d337e30	CAUSED_BY	cause:90e3fa048c94
mode:4248a117bf14	LEADS_TO	effect:0a8113941d35
function:24dc76f4d1fcb8275c073f7a016c97d4	HAS_MODE	mode:8bff04270d10
mode:19aa0606c279	LEADS_TO	effect:5d878b54d752
mode:b0073703440a	LEADS_TO	effect:a0ebdbc9a210
mode:95b987769399	LEADS_TO	effect:845573e68339
mode:076c5a40ab08	CAUSED_BY	cause:b2af4a7b3ba4
mode:f5555dd6da73	CAUSED_BY	cause:41caf2ae22de
function:cd145d6e2ef952c05ba9182f1d0705bd	HAS_MODE	mode:db795a03d2f7
function:2a08fbadd4e699be2e9f576c375d31b8	HAS_MODE	mode:32fd6686d7df
function:027a2f21bd7fc5671ee5a1528e32ac73	HAS_MODE	mode:076c5a40ab08
mode:050ea9f0fe81	CAUSED_BY	cause:ed5fb52a4eb1
mode:74edbe1b9015	LEADS_TO	effect:bf4d3c938549
mode:895811469fe1	LEADS_TO	effect:16eb1b2691da
mode:28a608025ff0	LEADS_TO	effect:83f2e2170070
element:c7b3295b2f1c	HAS_FUNCTION	function:b33538179f5661a86cbe327a1793e199
mode:36917b3ec5e2	LEADS_TO	effect:20193e8f33d0
element:5cb165af0b32	HAS_FUNCTION	function:4071423ed32f4bd593404035979b6d11
element:172f545ce86a	HAS_FUNCTION	function:4604f841b0b16d3013cac1e2078e5b1b
mode:83c34da7e349	CAUSED_BY	cause:201a624915da
mode:3dc2c0bcfd55	LEADS_TO	effect:c56c4c776800
mode:3209374f7386	LEADS_TO	effect:2c017de54753
function:5152cfad10f0562e2e1da5187f8ce22c	HAS_MODE	mode:e8cd16564921
mode:2ac6991a86ed	CAUSED_BY	cause:be6032fde6d7
mode:23212384f4e2	LEADS_TO	effect:1e9d7910d1d6
mode:36cce192de71	LEADS_TO	effect:1edeb9cf1cdc
mode:6ba1bd94eadb	CAUSED_BY	cause:2f58c8aeff05
mode:d0795d78a891	LEADS_TO	effect:643d5e858147
function:3bbf0169d8f3b543d6c8e9c1c55a5132	HAS_MODE	mode:bdb547b7147b
mode:af1e37a9d032	LEADS_TO	effect:71acd740945b
mode:b51d67836ca1	LEADS_TO	effect:5e022b5a8d4a
element:70b2a5b53245	HAS_FUNCTION	function:7345f2478fa22a00af0c2c605295c816
mode:6492bb3f9e0f	LEADS_TO	effect:6973d718d4d3
mode:d2730e752c72	CAUSED_BY	cause:2f18dd3406b9
mode:94d3c5451249	CAUSED_BY	cause:a52b118d743c
mode:cac305d864aa	CAUSED_BY	cause:3ccc73107fcb
mode:aa4b7f0d00c8	CAUSED_BY	cause:ca46f156c7c3
mode:7b6e0076d76d	LEADS_TO	effect:2e804b437c46
mode:c1bfed7c10f3	CAUSED_BY	cause:f5ee31a3c53f
mode:27d521608972	LEADS_TO	effect:f62f7178eb21
mode:9769cb40d5cf	CAUSED_BY	cause:2e6a66fac09a
mode:c09201f184b9	CAUSED_BY	cause:2301b889d461
mode:6cf5ad01b0a7	CAUSED_BY	cause:5e5ea9b56c2c
mode:96c5c6ce107e	CAUSED_BY	cause:8484260cb796
function:a50e5696e9287d55c8874256a6d9e12b	HAS_MODE	mode:3eb684cc0306
mode:942673eef40e	LEADS_TO	effect:1e9d7910d1d6
mode:db452669d2eb	LEADS_TO	effect:fa83aa20b244
mode:da554cd9f683	CAUSED_BY	cause:8885e5815449
mode:bdeeb8923b63	LEADS_TO	effect:cad9b696c6e0
function:fe42236edd9516079def459e9ab3f379	HAS_MODE	mode:9d0aa834aa96
mode:fa5a5e43568f	CAUSED_BY	cause:bfc19b807c35
mode:846cf6596a8a	CAUSED_BY	cause:9927c7840525
mode:38d23e45ac19	LEADS_TO	effect:268cf06d726e
mode:7967db1388f1	LEADS_TO	effect:298f22c8c440
mode:a08c5c1972ee	LEADS_TO	effect:fe4f4c07d6fd
mode:0d51cc9174bc	CAUSED_BY	cause:0f361a1f2611
mode:f2bcb38bd844	CAUSED_BY	cause:524b6462839c
mode:95753d85f4c9	CAUSED_BY	cause:e8c54c61a9b5
function:9f05858b99683c4627421a7402011b56	HAS_MODE	mode:f10e722fe01a
mode:3dc2c0bcfd55	CAUSED_BY	cause:cca55dc24adf
mode:3982543fe477	LEADS_TO	effect:1d783f1bafd8
mode:204f91e64314	CAUSED_BY	cause:ce5ab868c454
mode:944719267e68	CAUSED_BY	cause:ff9abd961188
mode:6cf303ed42c2	LEADS_TO	effect:f40089304683
mode:ef24fd8767c9	LEADS_TO	effect:a00a6eaba671
mode:8d586078acde	CAUSED_BY	cause:9c0a3b2ca446
mode:27d521608972	CAUSED_BY	cause:ab084166d7ed
function:5108dd7457bb73a5b5cebf1716ad393f	HAS_MODE	mode:ab91b0423c06
mode:9d0aa834aa96	CAUSED_BY	cause:fe435a8a4bb6
mode:7d652d9fbbe6	LEADS_TO	effect:3fc97ce7e343
mode:f82a900125f3	LEADS_TO	effect:346238130753
mode:27d521608972	CAUSED_BY	cause:282d775fa8e1
mode:a422e16aacf6	CAUSED_BY	cause:c205ec4fde0a
mode:a9942af06d9a	CAUSED_BY	cause:3cb6f2a154c8
element:e6ec5a11dfc2	HAS_FUNCTION	function:507b4974188aa87c016f58cf862b3173
mode:58829c8a9771	LEADS_TO	effect:66e933a13032
mode:6606d719199e	LEADS_TO	effect:61be25cadcf6
mode:565bd282e44a	CAUSED_BY	cause:2fb0d2f81cf3
mode:d6f93a90b81d	CAUSED_BY	cause:67603cf85950
mode:4138d729847e	LEADS_TO	effect:0c5c2a82c5dd
mode:6cf303ed42c2	CAUSED_BY	cause:bc18bb634e24
function:f2c73d232c1b4da02f81760f1fa639ed	HAS_MODE	mode:9fc4cbcfd9cd
element:70b2a5b53245	HAS_FUNCTION	function:8a740c8523bef6a8e34d77e2eb0d31ff
mode:bebaf34df42a	LEADS_TO	effect:3ca94c964081
mode:7ed558b387ee	CAUSED_BY	cause:e802f00dc6b8
mode:28386371ee8d	LEADS_TO	effect:436d365cb08a
mode:8e6569f333e3	LEADS_TO	effect:346238130753
function:118b11fabfe46f261b9e9fc96c5d83b9	HAS_MODE	mode:eb75af5e535a
mode:b97dc362a63c	LEADS_TO	effect:f6346c519176
mode:f0360f989470	LEADS_TO	effect:60d71c3afa5c
mode:7b58e583d356	CAUSED_BY	cause:ba6aa3a87499
mode:490982a991c9	LEADS_TO	effect:aa0128d328cc
mode:96ea114bb1eb	LEADS_TO	effect:436d365cb08a
function:cca77f1debf97f083c662839e475827b	HAS_MODE	mode:bfe82f71e339
mode:dc398ece0fc4	CAUSED_BY	cause:e7677b87ce8b
element:ae30a5718d5a	HAS_FUNCTION	function:6491f6e1d13ba8180edc0b66a0745336
function:d42cfc14f23363298df38638e45ce79d	HAS_MODE	mode:8b1e264b11f3
mode:0ae70a92a8f4	LEADS_TO	effect:f495e344ca3f
mode:ac7909755b70	LEADS_TO	effect:dec4040d3d9e
mode:cac305d864aa	CAUSED_BY	cause:fdac915e1200
mode:02f179b482cf	LEADS_TO	effect:d6ecc88aa0ca
mode:2e3f998dacef	LEADS_TO	effect:346238130753
mode:be5ec8bd292a	LEADS_TO	effect:894dbaf7670f
mode:698f4a75619e	CAUSED_BY	cause:8484260cb796
mode:69ccaec4e476	CAUSED_BY	cause:cb9ccedbbc75
mode:c0d20ea01a42	CAUSED_BY	cause:e5d5940e7d8c
element:d68d5809b919	HAS_FUNCTION	function:89e217b43fa976e2621588ebb6da3356
mode:51a1b694826b	LEADS_TO	effect:0a190f4cf3bd
element:d68d5809b919	HAS_FUNCTION	function:1c304b0314a24518d6fc1c39e656f958
mode:37c7fe25dc94	LEADS_TO	effect:344469cf5911
element:457ad593cac9	HAS_FUNCTION	function:eb7b322ba74817fbb6787314ca6c245e
mode:5dd348f232bf	LEADS_TO	effect:630f7957789d
mode:983efc329ea4	LEADS_TO	effect:af84ab943d06
mode:887993a43783	LEADS_TO	effect:da2407a8b844
function:5e20d7a96712017b6235f9690ffa0f53	HAS_MODE	mode:ace1b9ec8112
mode:8d790b04a5f7	CAUSED_BY	cause:00995e6b947c
mode:846cf6596a8a	LEADS_TO	effect:346238130753
mode:a0960907b02b	CAUSED_BY	cause:cfad026de2fb
mode:0971e0ea2a3a	CAUSED_BY	cause:00fe03a3c99c
element:4a182120e039	HAS_FUNCTION	function:80728b3fe7711907137d59854f4ea2d6
function:59f2f651f4f54ad9560d3abb9ba610ba	HAS_MODE	mode:4aa348eb051b
function:f99681e44f57670dd62c3fe8f1f9b20c	HAS_MODE	mode:aa4b7f0d00c8
mode:3eb684cc0306	CAUSED_BY	cause:b78defb2de87
mode:83c34da7e349	CAUSED_BY	cause:c46b9d2f3856
mode:5ae2f0fb4b17	CAUSED_BY	cause:28fa56cde228
mode:77d1771a95bd	CAUSED_BY	cause:c90b1198f689
mode:867c32ba5ee6	CAUSED_BY	cause:aeae715459f9
mode:ace1b9ec8112	CAUSED_BY	cause:8e47d81f8dd1
mode:688cfea1958f	CAUSED_BY	cause:248891cccdee
mode:3e7df38bdca4	CAUSED_BY	cause:a6cd8bdcd480
function:c0c14b6e2592dd21513d000626e9358f	HAS_MODE	mode:aa49532a0fb0
mode:3837e6c82b51	CAUSED_BY	cause:3dfbcf3582fb
mode:d5f7acd564ea	LEADS_TO	effect:027d326d0315
mode:0971e0ea2a3a	LEADS_TO	effect:47dca304a2ba
mode:746e86471763	CAUSED_BY	cause:e904378f5f98
function:940653e6e1e6f7f598a6a85dcf1c04bd	HAS_MODE	mode:f5021b9f6532
mode:1449e54d97e7	LEADS_TO	effect:d8637ff80891
mode:dfc75866ef37	CAUSED_BY	cause:1b3718c18ae1
mode:a29ee4303cf6	LEADS_TO	effect:0e344f895e52
mode:36cce192de71	CAUSED_BY	cause:5a03d58dc728
mode:d132a1ee4252	LEADS_TO	effect:fc4952f4fb43
mode:1c5d5841ab2f	CAUSED_BY	cause:753f36f0cb72
mode:547abd056626	LEADS_TO	effect:6a9994aee419
mode:1e1bdf72c31e	LEADS_TO	effect:eca13056359f
mode:69ccaec4e476	CAUSED_BY	cause:add8402936f8
mode:e598a5dc0dc7	CAUSED_BY	cause:40b5fe840ff0
mode:c072e4b13af8	CAUSED_BY	cause:de830275a8bd
mode:aa6ddc47a94e	CAUSED_BY	cause:ca6fa813ad5a
mode:0ae70a92a8f4	CAUSED_BY	cause:887ba5f3eaf1
mode:279bff7b46b2	CAUSED_BY	cause:8330ffc0b7d4
mode:62bd3205848e	LEADS_TO	effect:71acd740945b
mode:86e46cf131d4	CAUSED_BY	cause:983e35b82f3a
mode:509751f63b73	LEADS_TO	effect:1e156f06ff25
mode:dc028486ee65	LEADS_TO	effect:969cd8339b23
function:9969d3132f2711874bbdd0cc111de2f6	HAS_MODE	mode:59a404cfa97f
mode:0a448ae7a88b	CAUSED_BY	cause:ae5222fbd3b5
mode:846cf6596a8a	CAUSED_BY	cause:45b55882987f
mode:52d7e8cfecc0	CAUSED_BY	cause:345f79977d01
mode:1571bff3df63	LEADS_TO	effect:5922e2c10777
mode:4fc3dda98d62	CAUSED_BY	cause:5fd5e6ea8f43
mode:e5614689092d	LEADS_TO	effect:f5ab7221fc10
mode:bebaf34df42a	CAUSED_BY	cause:9bc93c71e5c1
element:9abfc3fa0a58	HAS_FUNCTION	function:9bd9d0ebc081bd74f5bef4e136bb1aed
mode:27e1f7069b4c	LEADS_TO	effect:7c3b5ed992d3
element:458a0d588bfc	HAS_FUNCTION	function:a50e5696e9287d55c8874256a6d9e12b
mode:4a1ef5e43463	LEADS_TO	effect:37dea9eff5c7
mode:1217c94806c5	LEADS_TO	effect:ecb97adb8934
mode:2c26b1d33752	CAUSED_BY	cause:3d0b38dc2829
mode:d8cd720c3ff3	CAUSED_BY	cause:e079f793191e
element:9f3187a05b9f	HAS_FUNCTION	function:7deff39593c9cecd401b795d6e1ae04b
mode:8bff04270d10	CAUSED_BY	cause:9cacbf86a837
mode:8d634b20adc5	CAUSED_BY	cause:850570d74328
mode:4b1df8bdb7c8	LEADS_TO	effect:b523d20bbebb
mode:c2d7a52e4f52	LEADS_TO	effect:2ecdde68fb94
mode:43844993ea41	CAUSED_BY	cause:b317741c304a
mode:abf041996ae4	CAUSED_BY	cause:753f36f0cb72
mode:8b1e264b11f3	CAUSED_BY	cause:9ac91fa9ad01
mode:6cdbcad96103	LEADS_TO	effect:3ea329942f06
function:58b5f33b862d0b17c32d16a84c41239c	HAS_MODE	mode:0774e2f98b77
mode:1571bff3df63	CAUSED_BY	cause:7241d256c0a9
mode:bf7ebbfbd3be	CAUSED_BY	cause:7209db442c09
mode:273d7896243a	LEADS_TO	effect:346238130753
mode:72fd4551cf29	LEADS_TO	effect:9a7436227ce4
mode:86e46cf131d4	CAUSED_BY	cause:e23fa9c046bc
function:26928a8c830fc899eb8013936748bbd0	HAS_MODE	mode:2a4cec8ce76b
element:62ed973d9639	HAS_FUNCTION	function:4afc2c9a6d3cdc40139d4a127aeded86
element:520cafc5873d	HAS_FUNCTION	function:528d7f2b806f96a8c012a9c44e5b9e32
mode:d2730e752c72	LEADS_TO	effect:f3f8b95a821e
mode:c1982b76134f	CAUSED_BY	cause:d22c7e18daba
mode:f10e722fe01a	CAUSED_BY	cause:6a8c5f4a7d82
mode:8555e3935937	CAUSED_BY	cause:d3bded52ffe9
mode:5c866e570384	CAUSED_BY	cause:07c9a458b907
mode:3dcf2b52fb4f	LEADS_TO	effect:67bcfdc8f4dd
element:93b8950ad8f5	HAS_FUNCTION	function:1629dd7660a8160bce325b0be3a6d70c
mode:dddea0cbc792	LEADS_TO	effect:3a809b358556
mode:44978b0addbf	LEADS_TO	effect:1d92caa1b610
mode:0971e0ea2a3a	LEADS_TO	effect:a536a136b4f6
element:3bbfdace1efd	HAS_FUNCTION	function:ee7a8e262285ed49ea1b4e4ae11525bd
mode:b50b8a44590f	CAUSED_BY	cause:14203d5cf8dd
mode:94d3c5451249	LEADS_TO	effect:d9d1e695f1ba
mode:6450705af532	CAUSED_BY	cause:0ef6ba6a906d
mode:34f033c46a6c	LEADS_TO	effect:36a58501261c
mode:5f919d3edb51	CAUSED_BY	cause:41f4a0f9dde5
mode:bfe82f71e339	LEADS_TO	effect:436d365cb08a
mode:0dc1162b4c8b	LEADS_TO	effect:04a3f4df8457
mode:ba1737c4e2cb	LEADS_TO	effect:643d5e858147
element:520cafc5873d	HAS_FUNCTION	function:118b11fabfe46f261b9e9fc96c5d83b9
mode:6e9541d5682b	CAUSED_BY	cause:bad7c1164b71
mode:4a0c88033399	CAUSED_BY	cause:e20115096c49
mode:b987710a5e1a	LEADS_TO	effect:f9eb4fb486d3
mode:4a2a85711150	LEADS_TO	effect:6973d718d4d3
mode:62bd3205848e	CAUSED_BY	cause:3f07ab66cfb4
mode:07f9cc73a8a3	CAUSED_BY	cause:5c07f506a1b4
mode:20785632fb24	LEADS_TO	effect:2b9f6a738aba
mode:2bab40109ab7	CAUSED_BY	cause:79979e8db943
mode:495268e38da0	LEADS_TO	effect:161d45fdf2a7
function:b86ff0c0762b268aca47c60a676dba34	HAS_MODE	mode:9d0aa834aa96
mode:fb7f79562517	CAUSED_BY	cause:f6e775c97a88
mode:86e46cf131d4	CAUSED_BY	cause:85a1291ed6d1
mode:02f179b482cf	CAUSED_BY	cause:0669ebbcaf3a
mode:54d334d6306a	CAUSED_BY	cause:39998df8bb30
mode:9c7aed6272c6	LEADS_TO	effect:f40089304683
mode:00e14149ed7b	LEADS_TO	effect:7ff983fb58f7
function:04eff11075cfef0a10ad94a1f6f4dafc	HAS_MODE	mode:a1714aba3b49
mode:f5021b9f6532	LEADS_TO	effect:8698fe4e0cef
mode:cac305d864aa	CAUSED_BY	cause:fe0d4adcad42
mode:f2bcb38bd844	LEADS_TO	effect:7ff983fb58f7
mode:3ddeca121b42	CAUSED_BY	cause:c5458f360672
mode:c1982b76134f	LEADS_TO	effect:2c9da9086fde
mode:19dc0d38167f	CAUSED_BY	cause:e35402966887
mode:099e605cb82c	LEADS_TO	effect:436d365cb08a
mode:8555e3935937	CAUSED_BY	cause:86b72ebccfc3
mode:6cdbcad96103	CAUSED_BY	cause:e7a84ea27659
mode:67cd0fb8324e	LEADS_TO	effect:b30c674730fb
function:c4429f927e600f06ae2ade0a1e9c7a2b	HAS_MODE	mode:dfc75866ef37
mode:20b7413f56c7	LEADS_TO	effect:9cbbee88f4eb
mode:9e705d68fa59	CAUSED_BY	cause:d6aef09f4551
function:8c4aa541ee911e8d80451ef8cc304806	HAS_MODE	mode:a44e6fb296cd
function:50582b2307c1d1940eca4c940cfbb33e	HAS_MODE	mode:6450705af532
mode:f9aaf168ec88	CAUSED_BY	cause:de830275a8bd
mode:d3aafd97b29a	LEADS_TO	effect:436d365cb08a
mode:69a854c322fc	LEADS_TO	effect:a7b159d4e2d5
mode:5a0ae0e9787e	LEADS_TO	effect:282baf65fa2b
mode:28d5fbd82e09	LEADS_TO	effect:3f40a6c57993
mode:96ea114bb1eb	LEADS_TO	effect:60d71c3afa5c
function:a242f72ac91093420d4a74e72c619d6c	HAS_MODE	mode:2ded4bf4e934
mode:edc7b8a7d060	CAUSED_BY	cause:445b46652379
mode:641a05dcc6cd	LEADS_TO	effect:436d365cb08a
mode:48499be19682	CAUSED_BY	cause:8d630695ad46
mode:bee8845d7684	LEADS_TO	effect:b10bea28166b
mode:26f8476536b5	LEADS_TO	effect:ea1d50197c49
mode:b987710a5e1a	CAUSED_BY	cause:93ae3a4d5b13
mode:2c26b1d33752	LEADS_TO	effect:a54b0fe3d7cc
mode:8765600d0910	LEADS_TO	effect:bcfc0d3a065e
mode:b9985601e7ea	CAUSED_BY	cause:de830275a8bd
mode:8a5b437056aa	LEADS_TO	effect:05495559660c
mode:7ec1f003bb53	CAUSED_BY	cause:d8853997bae5
element:72bafdec0fc3	HAS_FUNCTION	function:08b4ad57ece46c895be0430eb0747746
mode:50c1945e69a4	CAUSED_BY	cause:1c8adc3998a4
mode:ca6f25e9f1de	LEADS_TO	effect:3ca94c964081
mode:9f75fcab63ec	CAUSED_BY	cause:49a886587cbf
function:7345f2478fa22a00af0c2c605295c816	HAS_MODE	mode:86e46cf131d4
mode:8e6569f333e3	CAUSED_BY	cause:d2b0299b4ad7
function:d8078d96b141dea26d6bc2873b137845	HAS_MODE	mode:2c3eff4d1390
mode:b095a40a9f68	LEADS_TO	effect:7c3b5ed992d3
mode:42ee22a26da8	LEADS_TO	effect:eca13056359f
mode:48aa098519d2	CAUSED_BY	cause:c6080b588d41
mode:4dfc84502e86	CAUSED_BY	cause:31fb6d1c95cf
mode:c5f711bac11c	CAUSED_BY	cause:bab485d3774e
mode:0129d9d06ad4	LEADS_TO	effect:a06701826a15
mode:df28a3c6bfa6	LEADS_TO	effect:8d785a8c6e60
function:74248c725e00bf9fe04df4e35b249a19	HAS_MODE	mode:bee9e0d8e8e9
mode:efbfc4f13c55	CAUSED_BY	cause:cfe01cf84a12
mode:e9490663b598	CAUSED_BY	cause:4de36a20261b
mode:2ac6991a86ed	CAUSED_BY	cause:efb05cf348d4
mode:83c34da7e349	LEADS_TO	effect:f01c299182bb
mode:a9942af06d9a	LEADS_TO	effect:3ed28e6c170b
mode:a422e16aacf6	LEADS_TO	effect:72b2e6b63f3e
mode:52d8b962d107	LEADS_TO	effect:1e9d7910d1d6
function:442c7e3fe92a4e449ca16769ba322a78	HAS_MODE	mode:8dd5f1e4c060
mode:ad912839fa3a	LEADS_TO	effect:268798c9667d
mode:ad6bd5728383	LEADS_TO	effect:ce8bd8730323
mode:f4142bec5ee3	CAUSED_BY	cause:e81e4583cdd6
function:8a740c8523bef6a8e34d77e2eb0d31ff	HAS_MODE	mode:69a854c322fc
mode:512346c248eb	CAUSED_BY	cause:5d890f1eefee
mode:b8158daa23c0	LEADS_TO	effect:30a99f2ed766
mode:8498acda8a81	CAUSED_BY	cause:6806a4502938
mode:6119442a0827	CAUSED_BY	cause:6397b8b3e07f
mode:c7c90840e19a	LEADS_TO	effect:b10bea28166b
mode:01124d4612ff	LEADS_TO	effect:37b85019be2a
mode:314e715e7dbf	CAUSED_BY	cause:83fa80c46bb6
mode:002070014e7d	CAUSED_BY	cause:002070014e7d
mode:19aa0606c279	LEADS_TO	effect:444234621533
mode:8edd7857c222	CAUSED_BY	cause:dc387353b188
mode:66290c7874e0	CAUSED_BY	cause:9d857cfb01e4
mode:b2a14c6a1b92	CAUSED_BY	cause:0ed3349c3593
mode:a8c91a0c4ed7	CAUSED_BY	cause:437dd701fbb0
mode:ed4ee2835957	CAUSED_BY	cause:e802f00dc6b8
mode:f9064420de91	LEADS_TO	effect:bd41579fe411
mode:a6d4e5315246	LEADS_TO	effect:4c711e799726
mode:457ec3e55b5a	CAUSED_BY	cause:9ce883eeb9da
mode:bf7ebbfbd3be	LEADS_TO	effect:2ecdde68fb94
mode:e5614689092d	CAUSED_BY	cause:0ccc03d22d3f
mode:dddcf5474a75	LEADS_TO	effect:93d79967bed0
mode:21b6fae8fa4a	LEADS_TO	effect:2ecdde68fb94
mode:aa6ddc47a94e	LEADS_TO	effect:b3a1b98ea7e1
mode:ee93e9a4072c	LEADS_TO	effect:b5c8991e14c9
mode:374863b66584	CAUSED_BY	cause:b32f6bb0a54e
element:f790b63c9025	HAS_FUNCTION	function:c912c68146b55c36bff65edbac3cf26d
mode:40a66e9c64f3	CAUSED_BY	cause:347892271d8f
mode:d5f7acd564ea	CAUSED_BY	cause:460339a71400
element:e6ec5a11dfc2	HAS_FUNCTION	function:bc5ed820884e62d26cd6ee1e35e05563
element:60ab3c8e6071	HAS_FUNCTION	function:940653e6e1e6f7f598a6a85dcf1c04bd
mode:211d49416e71	LEADS_TO	effect:432f3bc65f9e
mode:6c28788ffbe4	LEADS_TO	effect:dabafe646e9d
mode:d0150dec3b10	CAUSED_BY	cause:3cf058200f5f
mode:fcd2af2eac4d	CAUSED_BY	cause:bfc02ac3ccae
mode:a1fecec33dd0	CAUSED_BY	cause:1a301c412a94
mode:1be4a6c1fc68	LEADS_TO	effect:c4c034fe6448
mode:1dbd24c55427	LEADS_TO	effect:67464b942bc3
mode:ff2a4148fef4	LEADS_TO	effect:064558660035
mode:3752cec032e6	LEADS_TO	effect:2472bb97b899
function:4c6458d449a4a5d8b8bb34c8519348d1	HAS_MODE	mode:9ad9c207600f
mode:d2682814ca28	CAUSED_BY	cause:e710492dd991
mode:5c866e570384	LEADS_TO	effect:bd219d2f21c1
mode:0eab9e51b4e4	CAUSED_BY	cause:7faff23d1ce3
mode:fb7f79562517	LEADS_TO	effect:791a33be9ac1
element:f140bd9033bd	HAS_FUNCTION	function:fa0287a533a61203decc26bcafab7e35
function:f2c73d232c1b4da02f81760f1fa639ed	HAS_MODE	mode:895e038262e9
mode:1ad67dcead41	CAUSED_BY	cause:058dedaab380
mode:d9251907d1dc	CAUSED_BY	cause:e802f00dc6b8
mode:2c3eff4d1390	CAUSED_BY	cause:6eb25b8c0a9e
mode:a1714aba3b49	CAUSED_BY	cause:7d9a08021ddf
function:8a740c8523bef6a8e34d77e2eb0d31ff	HAS_MODE	mode:547abd056626
mode:de21f4e9f0f0	LEADS_TO	effect:34b27263c412
mode:a2b766cd5cf1	LEADS_TO	effect:bd219d2f21c1
mode:eaf6e763e588	LEADS_TO	effect:ce8b691e37af
mode:38d23e45ac19	CAUSED_BY	cause:5417845b523d
mode:445904e8a03c	LEADS_TO	effect:8eb26f44cc6b
mode:dc4ebef4ab7f	LEADS_TO	effect:0f1225a5cb7d
mode:fdff425b38e6	LEADS_TO	effect:0c5c2a82c5dd
mode:d17cc8492e56	LEADS_TO	effect:ee4d619bc777
mode:b9625226b8fb	CAUSED_BY	cause:3e9711da8dc3
mode:845573e68339	LEADS_TO	effect:c6ed8f73dfa0
mode:d132a1ee4252	CAUSED_BY	cause:8976b251a579
mode:2a4cec8ce76b	CAUSED_BY	cause:a9ff9ae02553
mode:4a1ef5e43463	CAUSED_BY	cause:df806c1d6b88
mode:b6328b12a726	CAUSED_BY	cause:0f704a88009b
mode:d50533c3d99e	LEADS_TO	effect:912c6c6a71ff
mode:d7d53a72e7fb	LEADS_TO	effect:adc3c081d360
element:f68bd40f1867	HAS_FUNCTION	function:a726d9ca63d9a67c3b3240ae8645d241
mode:72039f9e398b	LEADS_TO	effect:267390e05d11
mode:7c334879dd2c	LEADS_TO	effect:d4cf5c4c43a0
mode:58829c8a9771	CAUSED_BY	cause:5a7f7c47a36d
element:99fd50d992ac	HAS_FUNCTION	function:8c880fe54cae171fa97132f8c5e82297
function:ac8ba4b4b0e937367cb5d25922f15ab5	HAS_MODE	mode:099e605cb82c
mode:ab5dc652baa8	LEADS_TO	effect:8698fe4e0cef
mode:bfe2d0dba153	CAUSED_BY	cause:1f5d8b2fe521
mode:314e715e7dbf	CAUSED_BY	cause:e710492dd991
mode:b8d0fc7326b6	CAUSED_BY	cause:410709cba39c
mode:b9ac68174be9	LEADS_TO	effect:f9acf9bedb23
mode:ace1b9ec8112	LEADS_TO	effect:9a22045d5260
mode:d85c4ef85d54	CAUSED_BY	cause:317d52be495c
mode:ab91b0423c06	LEADS_TO	effect:56da1e780cf8
mode:1bf7ddf4d36f	LEADS_TO	effect:29e24ab555b4
function:718f0b17fb5d9c4e09b0a4acf5fd310a	HAS_MODE	mode:ab5dc652baa8
mode:836923aab083	LEADS_TO	effect:08a78e81b8a9
mode:0ec468e2aaad	LEADS_TO	effect:b44bef50464e
mode:db315317f5bd	LEADS_TO	effect:49f965574280
mode:1ad67dcead41	LEADS_TO	effect:2ecdde68fb94
element:93b8950ad8f5	HAS_FUNCTION	function:b6d6fd7e348412a7004bb77346af04ca
mode:0774e2f98b77	CAUSED_BY	cause:225c8b437132
function:43e0f2ed43c2ffe5f42b74720f767f40	HAS_MODE	mode:4138d729847e
mode:846cf6596a8a	CAUSED_BY	cause:a310b589b98b
function:0ce91a9cbcb7a129043f8d981e67b938	HAS_MODE	mode:c035c87bfadd
function:b348d94fa38e74bc73b23d4b7c4803c7	HAS_MODE	mode:0826aca33bc0
mode:2659dacc67a3	LEADS_TO	effect:eb978cc034ae
mode:3ddeca121b42	CAUSED_BY	cause:9a10cc5a8e43
mode:7b58e583d356	LEADS_TO	effect:2ecdde68fb94
mode:f0c8109da52d	CAUSED_BY	cause:66fe8e077e58
mode:a1de58d0a4d0	CAUSED_BY	cause:93589886ae14
mode:59888a5905ff	LEADS_TO	effect:436d365cb08a
mode:2a4cec8ce76b	CAUSED_BY	cause:4ba3e8e7df21
mode:3917f5f97193	CAUSED_BY	cause:4c246cf015cf
mode:94d2c182dd9b	CAUSED_BY	cause:9bc93c71e5c1
mode:02f179b482cf	CAUSED_BY	cause:04ba39e677a2
mode:683de8d7e651	CAUSED_BY	cause:e337ef9528b3
mode:c476512d03e6	CAUSED_BY	cause:e3337c9d7f87
mode:319f7efd58d4	LEADS_TO	effect:a09f81abf418
element:520cafc5873d	HAS_FUNCTION	function:ac8ba4b4b0e937367cb5d25922f15ab5
element:7eeabb2dfd69	HAS_FUNCTION	function:9278e51e337b324317fed074a06b0c64
mode:61f8a07a73ec	CAUSED_BY	cause:fe80ed0e1ec8
mode:076c5a40ab08	LEADS_TO	effect:f9c280d7572a
mode:b8ac296427a7	CAUSED_BY	cause:e802f00dc6b8
mode:66290c7874e0	LEADS_TO	effect:58822fa3759e
mode:2ac6991a86ed	LEADS_TO	effect:d54e935f6665
mode:f2dd3eff8175	LEADS_TO	effect:d4db10ee3c22
mode:2e3f998dacef	CAUSED_BY	cause:988cc76dc0fc
mode:f27c46451699	LEADS_TO	effect:96d241822303
mode:4787fc6d2b02	CAUSED_BY	cause:6553488ea0d9
mode:195b026413e8	LEADS_TO	effect:8affa5a38e06
mode:bf46234f13cf	CAUSED_BY	cause:cfe01cf84a12
function:73ea3ae20f2aaf87756625fc4f9dd73e	HAS_MODE	mode:45b0b61788c8
mode:f32ff9843671	LEADS_TO	effect:26f8476536b5
mode:e97e8dd20f78	LEADS_TO	effect:4e67562969c6
mode:743f37d3dffb	LEADS_TO	effect:29e24ab555b4
mode:7643a6f4efff	LEADS_TO	effect:f3f8b95a821e
mode:42865b2238bd	LEADS_TO	effect:44d702012a82
mode:2c6c83015220	CAUSED_BY	cause:e204898295a0
mode:b9625226b8fb	LEADS_TO	effect:5b458c1361d6
mode:9ed6b6d46661	CAUSED_BY	cause:d94a4ca3e6fa
element:72bafdec0fc3	HAS_FUNCTION	function:824ee32982b0cc1ac1aca8447c9cb3cf
mode:f9064420de91	CAUSED_BY	cause:aaddc3454ccb
mode:474d5d978674	CAUSED_BY	cause:0c73daa1b186
mode:b6328b12a726	LEADS_TO	effect:346238130753
mode:4aa348eb051b	CAUSED_BY	cause:ee0785f8f50a
mode:3c94416dc6d2	LEADS_TO	effect:63fe0049a6bd
element:d9747e2da342	HAS_FUNCTION	function:b86ff0c0762b268aca47c60a676dba34
mode:353633af21c7	LEADS_TO	effect:d5a68540a6d3
mode:2022ff439a12	CAUSED_BY	cause:b8d2910f684f
mode:0255929bc64f	CAUSED_BY	cause:4155d5966703
mode:24ea7684c2e0	CAUSED_BY	cause:782ef72d481f
mode:bebaf34df42a	LEADS_TO	effect:268798c9667d
mode:0a1c1afe25c7	CAUSED_BY	cause:87c24c145f27
mode:a44e6fb296cd	LEADS_TO	effect:465e66a8fb85
element:1f8db58fddb3	HAS_FUNCTION	function:779a082370b4cdf3910de6b6aa230d56
element:ad63a35ea2ac	HAS_FUNCTION	function:5b4273cc6efa7b8e8d87ff538342a6dd
mode:8dd5f1e4c060	LEADS_TO	effect:8698fe4e0cef
mode:77d1771a95bd	LEADS_TO	effect:6832d12e8ecf
mode:641a05dcc6cd	CAUSED_BY	cause:0d66048656e9
mode:0eab9e51b4e4	CAUSED_BY	cause:980f1a67f17f
mode:39265c89e00a	LEADS_TO	effect:2ecdde68fb94
function:df7733ea1be9c67be9f869d5cd6a63fa	HAS_MODE	mode:0826aca33bc0
mode:0129d9d06ad4	LEADS_TO	effect:cbe7dfa6ac90
mode:27d521608972	CAUSED_BY	cause:ab17124c9d55
mode:416288d0273c	CAUSED_BY	cause:f90a60b4d2ab
function:c0c14b6e2592dd21513d000626e9358f	HAS_MODE	mode:c476512d03e6
mode:4aa348eb051b	LEADS_TO	effect:74b43c998557
mode:b58d79e47e69	CAUSED_BY	cause:7256fa309ee4
mode:b8158daa23c0	CAUSED_BY	cause:9e0ee11aac07
mode:22ef473c6b90	CAUSED_BY	cause:550773e94d5c
mode:3c94416dc6d2	CAUSED_BY	cause:61669e4d2d3a
mode:95753d85f4c9	CAUSED_BY	cause:811a7735aea2
mode:002070014e7d	CAUSED_BY	cause:b1c66fa70a22
mode:ff2a4148fef4	CAUSED_BY	cause:2ea7370f5762
mode:40a66e9c64f3	LEADS_TO	effect:8d72acfcb88d
mode:9c7aed6272c6	CAUSED_BY	cause:e802f00dc6b8
mode:c1bfed7c10f3	LEADS_TO	effect:436d365cb08a
mode:b5036b2df81d	CAUSED_BY	cause:8989a9e2c3d6
mode:ac60b44538da	CAUSED_BY	cause:27fec9ec3e9b
mode:8d2f5608cc37	LEADS_TO	effect:7c3b5ed992d3
mode:c8c10a60218a	LEADS_TO	effect:0c5c2a82c5dd
mode:2ac6991a86ed	CAUSED_BY	cause:ea56311a83a2
mode:a20f20e12245	CAUSED_BY	cause:b4d590bcd144
function:5b4273cc6efa7b8e8d87ff538342a6dd	HAS_MODE	mode:d8cd720c3ff3
element:141d55025822	HAS_FUNCTION	function:9f05858b99683c4627421a7402011b56
mode:0774e2f98b77	LEADS_TO	effect:cdb7954f9525
function:26928a8c830fc899eb8013936748bbd0	HAS_MODE	mode:2e05cc6b5fdd
mode:9729c2992ed6	LEADS_TO	effect:b5152bdb7f0a
element:141d55025822	HAS_FUNCTION	function:1c79844d86bafd69a5119632d52321aa
mode:d85c4ef85d54	LEADS_TO	effect:61373bef8d18
mode:83c34da7e349	LEADS_TO	effect:5ed03ad42809
mode:59a404cfa97f	CAUSED_BY	cause:8e47d81f8dd1
mode:c2d7a52e4f52	CAUSED_BY	cause:e4d5050997ee
mode:bee8845d7684	CAUSED_BY	cause:0289b880f175
mode:69ccaec4e476	CAUSED_BY	cause:abcb24ece17d
mode:3752cec032e6	CAUSED_BY	cause:5f5df695ecb3
mode:9ce3d3950065	LEADS_TO	effect:1edeb9cf1cdc
mode:b8d0fc7326b6	CAUSED_BY	cause:5417845b523d
mode:de5c01216149	LEADS_TO	effect:9aa97b5a5cfa
function:118b11fabfe46f261b9e9fc96c5d83b9	HAS_MODE	mode:fdff425b38e6
mode:4b7650d7464b	LEADS_TO	effect:1ef6c34922ed
mode:490982a991c9	CAUSED_BY	cause:104b25031337
mode:273d7896243a	LEADS_TO	effect:6c5adf9bbed3
mode:079cf4c3b7e8	CAUSED_BY	cause:969abfd67d83
mode:af8c04c5a407	LEADS_TO	effect:420710cd5c2f
mode:e6153947a9cb	LEADS_TO	effect:d6f0561d76e2
mode:b4911e2b9299	LEADS_TO	effect:e37304afacf7
mode:bf7ebbfbd3be	CAUSED_BY	cause:33062434e643
mode:e87a2272339c	LEADS_TO	effect:160ad2595ea2
mode:949a4987001d	LEADS_TO	effect:39265c89e00a
mode:895811469fe1	LEADS_TO	effect:c60dc029636a
mode:d5b6f2d10f7d	CAUSED_BY	cause:869a2699820f
mode:bdb547b7147b	LEADS_TO	effect:60d71c3afa5c
function:9278e51e337b324317fed074a06b0c64	HAS_MODE	mode:a20f20e12245
mode:7b6e0076d76d	CAUSED_BY	cause:9a9634110154
mode:73307549f18f	LEADS_TO	effect:0b504b592c8a
mode:9ad9c207600f	LEADS_TO	effect:5cbf6d13d3e4
mode:0510f6a000b7	LEADS_TO	effect:67464b942bc3
function:bc5ed820884e62d26cd6ee1e35e05563	HAS_MODE	mode:e89e33906848
mode:88c3a2e6df61	CAUSED_BY	cause:41caf2ae22de
function:26928a8c830fc899eb8013936748bbd0	HAS_MODE	mode:dc678c54098b
mode:8c39d76569dc	CAUSED_BY	cause:bcecd383a146
mode:0e983ff3e69f	LEADS_TO	effect:eca13056359f
mode:3ddb62c0520e	CAUSED_BY	cause:6bb5c8b05773
mode:48dbc9386b3a	LEADS_TO	effect:66e933a13032
mode:fdff425b38e6	CAUSED_BY	cause:869a2699820f
mode:6ba1bd94eadb	CAUSED_BY	cause:751a14f0de8c
mode:495268e38da0	CAUSED_BY	cause:a52b118d743c
mode:a8ced1e7428b	LEADS_TO	effect:d72371052aff
mode:6223480ce141	CAUSED_BY	cause:9c6ecfe972a9
mode:7b6e0076d76d	CAUSED_BY	cause:2374b8cc5602
mode:82f47bc4a22d	LEADS_TO	effect:8c26d0f37897
element:c7b3295b2f1c	HAS_FUNCTION	function:742b4822f96303a17c77343a2d34a944
mode:fdff425b38e6	LEADS_TO	effect:cad9b696c6e0
mode:55f6fe5078b6	CAUSED_BY	cause:07c9a458b907
mode:0ec468e2aaad	CAUSED_BY	cause:cb309643642e
mode:912f04025afb	CAUSED_BY	cause:4775ad1384ae
mode:1524c49ced6b	LEADS_TO	effect:1d92caa1b610
mode:6e765e95c355	LEADS_TO	effect:6b51931daca0
mode:32dc1305499f	LEADS_TO	effect:a104ef6c34cc
mode:1d8a6888ba2f	CAUSED_BY	cause:6f0d6580cfe8
mode:a1fecec33dd0	LEADS_TO	effect:35cdde0abb6d
mode:852fe081562d	CAUSED_BY	cause:39cd4ffbd410
element:c1cbfe271a40	HAS_FUNCTION	function:766d7695b8f065fb872671c8f00263f5
mode:5d878b54d752	CAUSED_BY	cause:96a15f2c4196
function:f99681e44f57670dd62c3fe8f1f9b20c	HAS_MODE	mode:3837e6c82b51
function:b50883623ac30b347e3f68678ced6892	HAS_MODE	mode:416288d0273c
mode:e7e164f7dcc2	LEADS_TO	effect:7378c5a237f9
mode:5c866e570384	LEADS_TO	effect:aa098eb6a193
element:b431103e2d18	HAS_FUNCTION	function:e99e37f0f9dcf332df83226cd156978f
mode:f16cff5ecf9f	CAUSED_BY	cause:77345cf1701c
function:9c34ebdc76c51a83ffdaa4b606088299	HAS_MODE	mode:eb75af5e535a
mode:b0073703440a	CAUSED_BY	cause:8618a0ed54e3
mode:614819cb464c	LEADS_TO	effect:7b39018e408b
mode:52d7e8cfecc0	CAUSED_BY	cause:321d6553914a
mode:2780baa782c8	CAUSED_BY	cause:369db8da2744
function:c912c68146b55c36bff65edbac3cf26d	HAS_MODE	mode:86fcfa00e721
mode:509751f63b73	CAUSED_BY	cause:de830275a8bd
mode:62857f941550	LEADS_TO	effect:2ecdde68fb94
function:2c2ffb24e664ddd866d46e19f21f9f82	HAS_MODE	mode:2780baa782c8
mode:be84c1bf48c2	LEADS_TO	effect:d7c768ddd12a
mode:b27315f3659f	CAUSED_BY	cause:3e97caa6d7e7
mode:95b987769399	CAUSED_BY	cause:6175f87482bf
function:ee7a8e262285ed49ea1b4e4ae11525bd	HAS_MODE	mode:28a608025ff0
mode:a20f20e12245	LEADS_TO	effect:8698fe4e0cef
mode:ad9555c0969c	LEADS_TO	effect:9bdabfeba916
mode:96b55e776ad1	CAUSED_BY	cause:8484260cb796
mode:21ddd20753da	LEADS_TO	effect:911d1887c903
mode:3b5ba865ef00	LEADS_TO	effect:e939b14d1c3a
mode:9ad9c207600f	CAUSED_BY	cause:20d7d9ddf987
mode:c8c10a60218a	LEADS_TO	effect:cad9b696c6e0
mode:f27c46451699	CAUSED_BY	cause:f2ae42d3652b
mode:b5036b2df81d	LEADS_TO	effect:dcf00d5b12ee
mode:59a404cfa97f	LEADS_TO	effect:7781a8c43260
mode:4a2a85711150	CAUSED_BY	cause:9bc93c71e5c1
mode:bf7ebbfbd3be	CAUSED_BY	cause:b1be7d0f2dda
mode:2c26b1d33752	CAUSED_BY	cause:21afbc0546ad
mode:42865b2238bd	CAUSED_BY	cause:441f2c23427a
mode:e9490663b598	LEADS_TO	effect:1d4a4603da9f
mode:811ded64a932	LEADS_TO	effect:7c3b5ed992d3
mode:b4f18b120646	LEADS_TO	effect:4e1fbeacf083
mode:bdeeb8923b63	CAUSED_BY	cause:5cbdd8e7f647
mode:34bd575d8889	CAUSED_BY	cause:1e37fbb1ba03
mode:15cd0cdd1dcc	LEADS_TO	effect:7c3b5ed992d3
mode:6594de5e9595	CAUSED_BY	cause:2d320fe9f535
mode:432f3bc65f9e	LEADS_TO	effect:211d49416e71
mode:4d4c35fb57d8	CAUSED_BY	cause:a719849c7a9d
mode:c0d20ea01a42	LEADS_TO	effect:dda06c4b088c
mode:cdcce071bd30	LEADS_TO	effect:d4db10ee3c22
mode:8ec1fee7bad8	CAUSED_BY	cause:3c05351698ac
mode:c0d20ea01a42	CAUSED_BY	cause:be68378934bd
mode:547abd056626	LEADS_TO	effect:a7b159d4e2d5
mode:0a1c1afe25c7	LEADS_TO	effect:89fb421dc4e7
mode:29cd4135b142	LEADS_TO	effect:d94a1e5b5d92
function:8c880fe54cae171fa97132f8c5e82297	HAS_MODE	mode:3a85438f347c
mode:f5555dd6da73	LEADS_TO	effect:cad9b696c6e0
element:66a9032aa008	HAS_FUNCTION	function:59f2f651f4f54ad9560d3abb9ba610ba
element:33e8d226ec3d	HAS_FUNCTION	function:0a6000ab353c129955d461289df18bd3
mode:211d49416e71	CAUSED_BY	cause:611f5cfebb01
mode:9729c2992ed6	CAUSED_BY	cause:4dae8dc845f3
mode:319f7efd58d4	CAUSED_BY	cause:8b07994a9c8d
mode:6f103bb03816	CAUSED_BY	cause:a2b968114fe1
mode:d6494a23fcab	CAUSED_BY	cause:8d76ac713ecb
mode:3e7df38bdca4	LEADS_TO	effect:45f5800dc5dd
mode:45b0b61788c8	LEADS_TO	effect:47542fb597bb
mode:20c81c9c1115	CAUSED_BY	cause:8484260cb796
mode:528d5606a7c2	LEADS_TO	effect:a92dc9719374
function:24dc76f4d1fcb8275c073f7a016c97d4	HAS_MODE	mode:3eb684cc0306
mode:f738a9e1de69	LEADS_TO	effect:346238130753
mode:c3f698d0017b	CAUSED_BY	cause:bf616d97a254
mode:96905ce542da	CAUSED_BY	cause:77f81fd3bf0e
mode:5f3b5fd66861	LEADS_TO	effect:95d686fed479
mode:12b41c761b41	LEADS_TO	effect:d263f40159ed
mode:74edbe1b9015	CAUSED_BY	cause:f607d20cec55
mode:2ded4bf4e934	LEADS_TO	effect:8affa5a38e06
mode:d0150dec3b10	CAUSED_BY	cause:3f5472e4aa48
mode:9756a067c642	LEADS_TO	effect:d7c768ddd12a
mode:a93df282913c	LEADS_TO	effect:22b0473e3a48
mode:fe37a11b1cb1	LEADS_TO	effect:42c94cc4ff75
mode:19c649be8fdb	LEADS_TO	effect:b0906c2f3eb3
mode:b50b8a44590f	LEADS_TO	effect:b6f06d7ef6e1
mode:f7f6f60ddc7b	LEADS_TO	effect:04a3f4df8457
mode:bcaec14e7922	LEADS_TO	effect:5438e36e6b32
mode:95753d85f4c9	CAUSED_BY	cause:922940c89b43
mode:4fc3dda98d62	CAUSED_BY	cause:39998df8bb30
mode:0255929bc64f	LEADS_TO	effect:0feb8f85b8cb
mode:8ec1fee7bad8	LEADS_TO	effect:08e2c35bdca4
mode:5f814a3c35f2	LEADS_TO	effect:fc9b4c899f9a
mode:a1277c9f5034	CAUSED_BY	cause:431d1b3ba21e
mode:2a42ac0db640	CAUSED_BY	cause:a0ccfa98d537
function:74248c725e00bf9fe04df4e35b249a19	HAS_MODE	mode:d2730e752c72
mode:2c26b1d33752	CAUSED_BY	cause:b75a636b4fea
mode:d0150dec3b10	LEADS_TO	effect:d151a1ec6d49
mode:8e5951c9fae6	LEADS_TO	effect:268798c9667d
mode:cfc7a5462564	CAUSED_BY	cause:de830275a8bd
mode:eaf6e763e588	CAUSED_BY	cause:092c98494090
mode:54d334d6306a	LEADS_TO	effect:d6bb97a90c7b
function:3bbf0169d8f3b543d6c8e9c1c55a5132	HAS_MODE	mode:bdeeb8923b63
mode:9c6963f2d761	CAUSED_BY	cause:15e3e8ec939a
mode:b0073703440a	CAUSED_BY	cause:e18d8741e115
mode:a9e393bc87b0	CAUSED_BY	cause:9bc93c71e5c1
mode:895811469fe1	CAUSED_BY	cause:0e8cccf3b1bb
mode:0ec468e2aaad	CAUSED_BY	cause:9f890ad580b1
mode:852fe081562d	LEADS_TO	effect:1f7a357b69bd
mode:39265c89e00a	LEADS_TO	effect:aae1bf416e13
mode:f373acf58fda	CAUSED_BY	cause:6b240d1c1bc5
mode:d17cc8492e56	CAUSED_BY	cause:6eb25b8c0a9e
mode:4b1df8bdb7c8	CAUSED_BY	cause:59df5baa29a8
mode:296592a77ed2	LEADS_TO	effect:d80126f1f582
mode:bea84a401af5	LEADS_TO	effect:a7b159d4e2d5
mode:846cf6596a8a	CAUSED_BY	cause:d94a4ca3e6fa
mode:07f9cc73a8a3	LEADS_TO	effect:5ac12b9318dc
mode:d64bce0b0f15	LEADS_TO	effect:a2c451a7fa4e
mode:d2682814ca28	LEADS_TO	effect:78d5746de5d9
mode:3318e92f16b9	LEADS_TO	effect:4d8e50cd50f9
mode:811ded64a932	CAUSED_BY	cause:f7e0c535b933
mode:99767448aa60	CAUSED_BY	cause:d508b2891551
mode:795dca65e19c	LEADS_TO	effect:3cab33cca767
mode:4fc670dce1c2	LEADS_TO	effect:3ed547d48ac0
function:a50e5696e9287d55c8874256a6d9e12b	HAS_MODE	mode:4fc3dda98d62
mode:64a85e1f2f1d	CAUSED_BY	cause:9d857cfb01e4
mode:538e835b4f33	CAUSED_BY	cause:b1e271fa135e
mode:ad6bd5728383	LEADS_TO	effect:10a4a7029942
mode:4ab9eb624392	CAUSED_BY	cause:8333ad654bae
function:118b11fabfe46f261b9e9fc96c5d83b9	HAS_MODE	mode:c1bfed7c10f3
element:574ab36aa9a7	HAS_FUNCTION	function:4c6458d449a4a5d8b8bb34c8519348d1
function:df7733ea1be9c67be9f869d5cd6a63fa	HAS_MODE	mode:2ded4bf4e934
mode:a7290bf29ee6	CAUSED_BY	cause:782cec68cb30
mode:a6aa35748c75	CAUSED_BY	cause:daff00813234
mode:6119442a0827	LEADS_TO	effect:5f6fd4e0caf7
function:dd339507f8d1fd6487e492cec7398942	HAS_MODE	mode:a06083f7e86b
function:08b4ad57ece46c895be0430eb0747746	HAS_MODE	mode:74edbe1b9015
mode:19dc0d38167f	LEADS_TO	effect:379d520f89c3
mode:8ec1fee7bad8	LEADS_TO	effect:4a9b21625efa
element:7763a6cb9dce	HAS_FUNCTION	function:0db377921f4ce762c62526131097968f
mode:a29ee4303cf6	CAUSED_BY	cause:ca179e48599a
mode:1dbd24c55427	CAUSED_BY	cause:0cfd6894bf68
element:029aee483db9	HAS_FUNCTION	function:df7733ea1be9c67be9f869d5cd6a63fa
mode:b58d79e47e69	LEADS_TO	effect:74db67ecbf05
element:c96d2bc61287	HAS_FUNCTION	function:6dc0ed2c0e4b7cb6dd2c84dd690b168a
mode:defa28515e25	LEADS_TO	effect:e37304afacf7
mode:637e4eb7a788	CAUSED_BY	cause:d4043953fefd
mode:27d521608972	CAUSED_BY	cause:5bfffd669273
mode:2f2beffb889b	CAUSED_BY	cause:8b2a222cbaaa
mode:df28a3c6bfa6	CAUSED_BY	cause:ab77a19259ec
mode:079cf4c3b7e8	LEADS_TO	effect:2ecdde68fb94
mode:df74f811a94a	CAUSED_BY	cause:ced38737c354
element:f790b63c9025	HAS_FUNCTION	function:9969d3132f2711874bbdd0cc111de2f6
mode:ab91b0423c06	CAUSED_BY	cause:31933a574437
mode:2a4cec8ce76b	LEADS_TO	effect:b9ae67245b7c
mode:3eb684cc0306	LEADS_TO	effect:0bc16dc9d7df
mode:55f6fe5078b6	LEADS_TO	effect:bd219d2f21c1
element:457ad593cac9	HAS_FUNCTION	function:3bbf0169d8f3b543d6c8e9c1c55a5132
mode:d5a68540a6d3	LEADS_TO	effect:c6ed8f73dfa0
mode:ad9555c0969c	CAUSED_BY	cause:18720025f993
mode:b8ac296427a7	LEADS_TO	effect:67464b942bc3
mode:a06083f7e86b	CAUSED_BY	cause:77578d5c92d2
element:85090ab80a23	HAS_FUNCTION	function:4248cc6527cf42bade8cdf1b88f0396a
function:99bca0c14cade99ae46d647ccfdcf8b0	HAS_MODE	mode:0826aca33bc0
mode:0492fcfdb910	LEADS_TO	effect:35cdde0abb6d
mode:8d586078acde	LEADS_TO	effect:0e5732b694d0
mode:27fd50c88bf6	LEADS_TO	effect:eb3b72714761
mode:b3a10d444b71	LEADS_TO	effect:6b1416c6a65a
mode:1d254454c316	LEADS_TO	effect:adc3c081d360
mode:9d4a17656863	CAUSED_BY	cause:e23fa9c046bc
mode:19aa01cd05a8	CAUSED_BY	cause:d458abb488b7
mode:df74f811a94a	LEADS_TO	effect:54363b9be88c
mode:48aa098519d2	LEADS_TO	effect:4d668a5e9f76
mode:8c39d76569dc	LEADS_TO	effect:283b4819706f
mode:5dd348f232bf	CAUSED_BY	cause:dac721db52d8
mode:d63046f24155	CAUSED_BY	cause:fc5de27de080
mode:d044a362e8e3	LEADS_TO	effect:ac5e8ca65b7f
mode:dfb2a8ae500f	CAUSED_BY	cause:83e1acda3ae1
mode:32dc1305499f	CAUSED_BY	cause:ad98b7ded5e0
mode:3b3cc8712606	CAUSED_BY	cause:0eff5e8ce7c7
mode:1d254454c316	CAUSED_BY	cause:04fd3e761d5e
mode:3982543fe477	CAUSED_BY	cause:081354cde958
mode:1e1bdf72c31e	CAUSED_BY	cause:f07425549da9
mode:5ba46ca80a91	LEADS_TO	effect:2a94cbdc0533
mode:e9e132dd05de	CAUSED_BY	cause:9443cd87e7b7
mode:0e983ff3e69f	CAUSED_BY	cause:d81df39dbf05
mode:260449646425	CAUSED_BY	cause:47d8078a1491
mode:2c26b1d33752	LEADS_TO	effect:ce5b291a5fed
mode:5a6846c09182	CAUSED_BY	cause:696c01b939cb
function:718f0b17fb5d9c4e09b0a4acf5fd310a	HAS_MODE	mode:a2b766cd5cf1
mode:ef4e16b4ee01	CAUSED_BY	cause:53375eea658b
mode:ca6f25e9f1de	LEADS_TO	effect:268798c9667d
mode:c79b2e5472f6	LEADS_TO	effect:b5c1ced55634
mode:a7290bf29ee6	LEADS_TO	effect:21c5e17e5b12
mode:2f2beffb889b	CAUSED_BY	cause:0a6950c2af1c
function:507b4974188aa87c016f58cf862b3173	HAS_MODE	mode:8d586078acde
mode:7183c0abe28c	CAUSED_BY	cause:9eddf4f9bd01
mode:bb4bca3e0b1c	LEADS_TO	effect:dc5890d9ae25
mode:e598a5dc0dc7	LEADS_TO	effect:2a94cbdc0533
function:039483d8833296d6b34ad65134652176	HAS_MODE	mode:9d4a17656863
mode:e771319751a6	CAUSED_BY	cause:24bb46290613
mode:ef24fd8767c9	CAUSED_BY	cause:9459f2f2d18c
mode:ca6f25e9f1de	CAUSED_BY	cause:9bc93c71e5c1
mode:15cd0cdd1dcc	CAUSED_BY	cause:8422881e81d6
mode:bfe82f71e339	CAUSED_BY	cause:37b08cabf237
mode:c035c87bfadd	LEADS_TO	effect:bd219d2f21c1
mode:7e419027b220	CAUSED_BY	cause:51a56af8039a
mode:a8c91a0c4ed7	CAUSED_BY	cause:e57ba66f422c
mode:87b6aec1bc31	CAUSED_BY	cause:66eb0bfdcd4f
mode:8eaf04c19d2c	CAUSED_BY	cause:8484260cb796
mode:2f2beffb889b	CAUSED_BY	cause:8dcb201d4108
mode:db795a03d2f7	LEADS_TO	effect:cad9b696c6e0
mode:f91665ada800	LEADS_TO	effect:f6346c519176
mode:9f75fcab63ec	LEADS_TO	effect:643d5e858147
mode:edc9324f9423	LEADS_TO	effect:4ea1c4aa842c
mode:1524c49ced6b	LEADS_TO	effect:346238130753
mode:8bff04270d10	LEADS_TO	effect:a06701826a15
mode:83d5bff47e52	LEADS_TO	effect:2dba37aa21c8
mode:de5c01216149	CAUSED_BY	cause:9bc93c71e5c1
mode:46f7623ed714	LEADS_TO	effect:37dea9eff5c7
mode:f0810dcb6899	LEADS_TO	effect:5e022b5a8d4a
mode:d5c2f1885a20	LEADS_TO	effect:643d5e858147
mode:3e62cf5faab2	LEADS_TO	effect:eb50f8730803
mode:5ba46ca80a91	CAUSED_BY	cause:4ac41a6f0d02
mode:4b32dbd8b9f2	CAUSED_BY	cause:e20115096c49
mode:6af1715096ea	LEADS_TO	effect:7ff983fb58f7
mode:ef4e16b4ee01	LEADS_TO	effect:0ecd120e11d7
mode:f373acf58fda	LEADS_TO	effect:7ff983fb58f7
element:2b36465859c2	HAS_FUNCTION	function:b6d6fd7e348412a7004bb77346af04ca
mode:86e46cf131d4	CAUSED_BY	cause:4ae264982df4
element:5cb165af0b32	HAS_FUNCTION	function:04eff11075cfef0a10ad94a1f6f4dafc
mode:743156a6495f	CAUSED_BY	cause:1b3718c18ae1
element:7eeabb2dfd69	HAS_FUNCTION	function:a898afe961755e7f68c792b62733da85
mode:b2a14c6a1b92	CAUSED_BY	cause:065cd2053a77
mode:39265c89e00a	CAUSED_BY	cause:8ca3e3bf1931
mode:17e35070b9d3	LEADS_TO	effect:1d57debed45a
mode:b9985601e7ea	LEADS_TO	effect:6b1416c6a65a
mode:64a85e1f2f1d	LEADS_TO	effect:5c0af1530412
mode:f3fe29a36014	LEADS_TO	effect:51b541789f39
mode:360c2c118e4e	CAUSED_BY	cause:995a1861b390
element:a5d8b915ec76	HAS_FUNCTION	function:24dc76f4d1fcb8275c073f7a016c97d4
function:910bb893707dbb6e5df53fc2aea8110b	HAS_MODE	mode:6ba1bd94eadb
function:7deff39593c9cecd401b795d6e1ae04b	HAS_MODE	mode:65d79fe2a1e0
mode:6ba1bd94eadb	LEADS_TO	effect:a3f5ac82c42b
mode:72d5c42f3295	LEADS_TO	effect:2dba37aa21c8
mode:683de8d7e651	CAUSED_BY	cause:53bf935cbd65
mode:0d1032fe2c1b	LEADS_TO	effect:db5a33c53a42
function:9bd9d0ebc081bd74f5bef4e136bb1aed	HAS_MODE	mode:8d790b04a5f7
mode:6452add41fe7	CAUSED_BY	cause:b7894cf6490e
mode:27d521608972	LEADS_TO	effect:5c0af1530412
element:8e94929d796b	HAS_FUNCTION	function:c0c14b6e2592dd21513d000626e9358f
mode:f3fe29a36014	CAUSED_BY	cause:9aa119b2c274
mode:002070014e7d	CAUSED_BY	cause:d94a4ca3e6fa
mode:a9bdad4d1775	LEADS_TO	effect:bd219d2f21c1
mode:b9dcd5cd83c1	CAUSED_BY	cause:c4bcb01def2d
mode:32dc1305499f	LEADS_TO	effect:ba5e342fcbee
mode:73307549f18f	LEADS_TO	effect:f40089304683
element:0421b8e6cef0	HAS_FUNCTION	function:9c34ebdc76c51a83ffdaa4b606088299
mode:20b7413f56c7	CAUSED_BY	cause:0289b880f175
mode:00e14149ed7b	CAUSED_BY	cause:9c931120ea65
element:fb6c93d56621	HAS_FUNCTION	function:d76dd6771beeecdd87c928710a79fb3b
element:5cb165af0b32	HAS_FUNCTION	function:f99681e44f57670dd62c3fe8f1f9b20c
element:331b5a401b57	HAS_FUNCTION	function:58b5f33b862d0b17c32d16a84c41239c
mode:c125c2210bb8	CAUSED_BY	cause:5d890f1eefee
mode:0510f6a000b7	CAUSED_BY	cause:2265a29c9f7b
mode:e14addcaf58e	CAUSED_BY	cause:9bc93c71e5c1
mode:9849547fa7eb	LEADS_TO	effect:2ce46014f477
mode:a08c5c1972ee	CAUSED_BY	cause:807beba1b974
mode:0492fcfdb910	CAUSED_BY	cause:494a96e2a520
mode:887993a43783	CAUSED_BY	cause:49b62f9aa982
mode:f29bae383137	LEADS_TO	effect:79f308a33c0c
element:141d55025822	HAS_FUNCTION	function:b50883623ac30b347e3f68678ced6892
mode:7183c0abe28c	LEADS_TO	effect:30cb1a052eca
mode:cd70dfa65516	LEADS_TO	effect:a7b159d4e2d5
mode:44d702012a82	LEADS_TO	effect:dbab7d71ca85
mode:e24948f9aadb	LEADS_TO	effect:83f2e2170070
function:6472ce41c26babff27b4c28028093d77	HAS_MODE	mode:4b7650d7464b
mode:bfe2d0dba153	LEADS_TO	effect:8d72acfcb88d
function:99bca0c14cade99ae46d647ccfdcf8b0	HAS_MODE	mode:2ded4bf4e934
mode:bc7a9c9205ba	LEADS_TO	effect:e15d402f3abe
mode:223c6e715570	LEADS_TO	effect:3bcaa4e2de36
mode:614819cb464c	CAUSED_BY	cause:96e396944123
mode:4b7650d7464b	CAUSED_BY	cause:007df69d16e8
mode:528d5606a7c2	CAUSED_BY	cause:ce7298427e7e
mode:21ddd20753da	CAUSED_BY	cause:1fef18d3c445
mode:c55a22cd9cd9	LEADS_TO	effect:a4a7439a4b45
mode:9d0aa834aa96	CAUSED_BY	cause:f4dd98342693
mode:20785632fb24	CAUSED_BY	cause:b11ce7d0a417
mode:6452add41fe7	LEADS_TO	effect:2837af838030
mode:8d790b04a5f7	CAUSED_BY	cause:7faff23d1ce3
mode:f0360f989470	CAUSED_BY	cause:2837ec2dfaaf
mode:82f47bc4a22d	CAUSED_BY	cause:7d9a08021ddf
mode:d3aafd97b29a	CAUSED_BY	cause:1abaff54a251
mode:560ff3c5fbdd	CAUSED_BY	cause:a0bb7ebca973
mode:ec31e17ec22e	CAUSED_BY	cause:317d52be495c
function:9f05858b99683c4627421a7402011b56	HAS_MODE	mode:1ce21e8ab81c
function:a50e5696e9287d55c8874256a6d9e12b	HAS_MODE	mode:e8e15cc2cb06
mode:416288d0273c	LEADS_TO	effect:436d365cb08a
function:f2c73d232c1b4da02f81760f1fa639ed	HAS_MODE	mode:5c866e570384
mode:59888a5905ff	CAUSED_BY	cause:37b08cabf237
mode:3a836c1669c9	CAUSED_BY	cause:1a301c412a94
mode:1be4a6c1fc68	LEADS_TO	effect:1e9d7910d1d6
mode:d6dbad1aa9b5	CAUSED_BY	cause:135f663acd13
mode:7643a6f4efff	CAUSED_BY	cause:2c99f54cbd09
mode:3180a74d5b86	LEADS_TO	effect:ed63993318d4
mode:c035c87bfadd	CAUSED_BY	cause:84beea7789d5
element:59e54b11be6b	HAS_FUNCTION	function:0db377921f4ce762c62526131097968f
mode:be5ec8bd292a	CAUSED_BY	cause:de830275a8bd
mode:b92c27cb1012	LEADS_TO	effect:519a9c200d1e
mode:d50533c3d99e	CAUSED_BY	cause:8f1ff00235ca
mode:44978b0addbf	CAUSED_BY	cause:8b9a4bd16a16
mode:949a4987001d	CAUSED_BY	cause:e802f00dc6b8
mode:1932d883c32f	LEADS_TO	effect:436d365cb08a
mode:d0150dec3b10	LEADS_TO	effect:83cca8d4bf2e
mode:9756a067c642	CAUSED_BY	cause:5417845b523d
element:7763a6cb9dce	HAS_FUNCTION	function:2fae32629d4ef4fc6341f1751b405e45
function:0b3866e07cd676526263dab0037b3f40	HAS_MODE	mode:3a836c1669c9
mode:9758660df99c	CAUSED_BY	cause:670ec920d6b6
mode:9d45eea9e6cb	LEADS_TO	effect:f435b22c57f2
mode:912f04025afb	LEADS_TO	effect:829b9d0132ef
mode:a9bdad4d1775	CAUSED_BY	cause:206191f3110a
mode:3b3cc8712606	LEADS_TO	effect:a7b159d4e2d5
mode:743156a6495f	LEADS_TO	effect:a7b159d4e2d5
function:0db377921f4ce762c62526131097968f	HAS_MODE	mode:3dc2c0bcfd55
mode:1217c94806c5	CAUSED_BY	cause:6b7e85c3c530
mode:f0810dcb6899	CAUSED_BY	cause:aa1b61b51eee
mode:846cf6596a8a	CAUSED_BY	cause:46f273bac6b0
mode:e8cd16564921	LEADS_TO	effect:3af1fa7ed862
mode:02e468ba7a62	CAUSED_BY	cause:9a12a76e43f8
mode:c0d20ea01a42	LEADS_TO	effect:f5ab7221fc10
function:9bd9d0ebc081bd74f5bef4e136bb1aed	HAS_MODE	mode:cd70dfa65516
element:f790b63c9025	HAS_FUNCTION	function:5e20d7a96712017b6235f9690ffa0f53
function:b348d94fa38e74bc73b23d4b7c4803c7	HAS_MODE	mode:2ded4bf4e934
mode:48d72e81a3f3	LEADS_TO	effect:6973d718d4d3
mode:83c34da7e349	LEADS_TO	effect:8eb26f44cc6b
mode:32b7c266b3aa	CAUSED_BY	cause:a52b118d743c
mode:feadc8e588b1	CAUSED_BY	cause:0d40b7a74e9e
mode:96905ce542da	LEADS_TO	effect:36a58501261c
mode:0492fcfdb910	CAUSED_BY	cause:2507be6ce253
mode:6252a94d8aaf	CAUSED_BY	cause:934729d35987
mode:457ec3e55b5a	LEADS_TO	effect:16aa8c5ff754
function:b50883623ac30b347e3f68678ced6892	HAS_MODE	mode:28386371ee8d
mode:88ac15c84e14	CAUSED_BY	cause:9bc93c71e5c1
mode:54a0ab7b44fa	LEADS_TO	effect:ecb97adb8934
function:cd145d6e2ef952c05ba9182f1d0705bd	HAS_MODE	mode:96ea114bb1eb
mode:260449646425	LEADS_TO	effect:988ce6890972
mode:b095a40a9f68	CAUSED_BY	cause:c45324a94498
element:62ed973d9639	HAS_FUNCTION	function:910bb893707dbb6e5df53fc2aea8110b
mode:4aa348eb051b	CAUSED_BY	cause:55f4d54ee235
mode:da554cd9f683	LEADS_TO	effect:082f637b5f4c
mode:41b0d7a8cfaa	CAUSED_BY	cause:988cfe70a9a7
mode:7de57223557d	CAUSED_BY	cause:6f66a80da21b
mode:b3a10d444b71	CAUSED_BY	cause:de830275a8bd
mode:4fc3dda98d62	LEADS_TO	effect:40edb0b66dd5
mode:683de8d7e651	LEADS_TO	effect:b44bef50464e
mode:e89e33906848	CAUSED_BY	cause:6e25a2fe7586
mode:575aa8988e43	LEADS_TO	effect:7d104cde7f7b
mode:205719d2ac1d	LEADS_TO	effect:6ff50d50d2de
mode:82f47bc4a22d	CAUSED_BY	cause:681fa0f3a107
mode:10e534a46ece	LEADS_TO	effect:d6f0561d76e2
mode:96c5c6ce107e	LEADS_TO	effect:d9efbe5e0430
mode:b0073703440a	CAUSED_BY	cause:961ad69c3c69
mode:c072e4b13af8	LEADS_TO	effect:1e156f06ff25
element:c96d2bc61287	HAS_FUNCTION	function:c4429f927e600f06ae2ade0a1e9c7a2b
mode:ef5af13beae8	CAUSED_BY	cause:3e9711da8dc3
mode:6c3dc62ffc33	LEADS_TO	effect:cad9b696c6e0
mode:ca63d0bd4909	LEADS_TO	effect:22b0473e3a48
mode:d4be5e9eef29	LEADS_TO	effect:2ecdde68fb94
mode:c7c90840e19a	CAUSED_BY	cause:0609eb6e5a69
mode:3e62cf5faab2	CAUSED_BY	cause:9588c5c754dd
mode:22ef473c6b90	LEADS_TO	effect:f5ab7221fc10
element:b320f0ec5d95	HAS_FUNCTION	function:a7c8480e3f6cacd5721af26175b022dc
mode:c777d39b1d2c	LEADS_TO	effect:bc3af1deda29
mode:3a836c1669c9	LEADS_TO	effect:35cdde0abb6d
function:3bbf0169d8f3b543d6c8e9c1c55a5132	HAS_MODE	mode:f5555dd6da73
mode:6c28788ffbe4	CAUSED_BY	cause:e4a0cf155f75
mode:b51d67836ca1	CAUSED_BY	cause:9bc93c71e5c1
mode:8edd7857c222	CAUSED_BY	cause:1f1b453941fa
mode:6c3dc62ffc33	LEADS_TO	effect:0c5c2a82c5dd
mode:ce656e29bdf3	LEADS_TO	effect:7ff983fb58f7
mode:7e419027b220	LEADS_TO	effect:05495559660c
mode:846cf6596a8a	CAUSED_BY	cause:d81a08dcedbc
mode:e254ab4242e5	CAUSED_BY	cause:e802f00dc6b8
mode:a0960907b02b	CAUSED_BY	cause:c6f4c161b7c1
mode:109dcf7cb724	CAUSED_BY	cause:e6fe11c23bf2
mode:e8e15cc2cb06	CAUSED_BY	cause:5fd5e6ea8f43
mode:0826aca33bc0	CAUSED_BY	cause:d458abb488b7
mode:42ee22a26da8	CAUSED_BY	cause:f07425549da9
mode:511a0d70309c	CAUSED_BY	cause:e30df647048b
mode:ae755f4c142b	CAUSED_BY	cause:0f8947e8652b
function:0db377921f4ce762c62526131097968f	HAS_MODE	mode:0dbce3263ea6
mode:f877c5f74392	LEADS_TO	effect:32eeeb09c665
mode:1ce21e8ab81c	CAUSED_BY	cause:2837ec2dfaaf
mode:3837e6c82b51	LEADS_TO	effect:40668984eb01
mode:af9ecd7a55ab	CAUSED_BY	cause:b9380e028421
function:b33538179f5661a86cbe327a1793e199	HAS_MODE	mode:62bd3205848e
mode:be65d298fe85	CAUSED_BY	cause:90c270b36720
mode:db795a03d2f7	CAUSED_BY	cause:93e3ad43cc39
mode:96b55e776ad1	LEADS_TO	effect:498815cf7101
mode:a3f884a79b0b	LEADS_TO	effect:446e2b402008
element:172f545ce86a	HAS_FUNCTION	function:d8078d96b141dea26d6bc2873b137845
mode:aa49532a0fb0	CAUSED_BY	cause:e3337c9d7f87
mode:8498acda8a81	LEADS_TO	effect:ad2fcacc3aaa
mode:defa28515e25	CAUSED_BY	cause:a0370fd4d79c
mode:c7baddfef5dc	CAUSED_BY	cause:78948dbbff37
mode:bea84a401af5	CAUSED_BY	cause:46b8bce5a776
mode:d9251907d1dc	LEADS_TO	effect:7c3b5ed992d3
function:039483d8833296d6b34ad65134652176	HAS_MODE	mode:204f91e64314
mode:683de8d7e651	LEADS_TO	effect:bd052a0de6ed
mode:4248a117bf14	CAUSED_BY	cause:d19e1d4e53b1
mode:a1714aba3b49	LEADS_TO	effect:522546146aa7
mode:0129d9d06ad4	LEADS_TO	effect:0bc16dc9d7df
mode:1c906892e42f	LEADS_TO	effect:bf44bf9b8698
mode:3be05f22fda8	LEADS_TO	effect:436d365cb08a
mode:204f91e64314	LEADS_TO	effect:a7b159d4e2d5
mode:cd70dfa65516	CAUSED_BY	cause:980f1a67f17f
mode:c476512d03e6	LEADS_TO	effect:06a0581c5c3e
mode:ecaaf0c43f06	LEADS_TO	effect:de3a33e4274a
mode:cc392d31e071	CAUSED_BY	cause:e204898295a0
mode:12b41c761b41	CAUSED_BY	cause:9aca6db296fc
mode:02e468ba7a62	CAUSED_BY	cause:8484260cb796
mode:d64bce0b0f15	CAUSED_BY	cause:6c88ce0ee4ca
mode:0dbce3263ea6	LEADS_TO	effect:a7b159d4e2d5
mode:48d72e81a3f3	CAUSED_BY	cause:aa1b61b51eee
mode:cf105b469632	CAUSED_BY	cause:613833bd73ca
function:b33538179f5661a86cbe327a1793e199	HAS_MODE	mode:0c3ea7fecc3b
mode:ee93e9a4072c	CAUSED_BY	cause:cbb87e7dc576
mode:5f66727a4746	CAUSED_BY	cause:b4167da34855
mode:d0d17243fe92	CAUSED_BY	cause:d8c006753e51
function:7deff39593c9cecd401b795d6e1ae04b	HAS_MODE	mode:72039f9e398b
mode:df5c0e971993	LEADS_TO	effect:bc3af1deda29
mode:9fc4cbcfd9cd	LEADS_TO	effect:7378c5a237f9
function:646d8d9f671d80c8aa6767b104577640	HAS_MODE	mode:01124d4612ff
mode:7e77fc685299	LEADS_TO	effect:c0930992b174
mode:69ca1a73acb0	LEADS_TO	effect:fcd5f4ed00d4
mode:72b6760132e1	CAUSED_BY	cause:a0ef332d21ef
mode:b9c03861e6a5	CAUSED_BY	cause:2efa726d597e
mode:cdcce071bd30	CAUSED_BY	cause:410c78e28d1b
mode:4c957a430b19	CAUSED_BY	cause:5d540d9317ad
mode:8765600d0910	CAUSED_BY	cause:c6080b588d41
mode:c8c10a60218a	CAUSED_BY	cause:8c53967f59bf
mode:dddcf5474a75	CAUSED_BY	cause:d79dc75ae847
mode:314e715e7dbf	CAUSED_BY	cause:45ce9b7436bc
mode:587f6f0715c9	CAUSED_BY	cause:9bc93c71e5c1
mode:281ee54993a7	LEADS_TO	effect:d6e81215bb7e
mode:65d79fe2a1e0	LEADS_TO	effect:ed9d18816d89
mode:5f66727a4746	CAUSED_BY	cause:702f92271df6
mode:dc678c54098b	CAUSED_BY	cause:533df053383d
mode:f91665ada800	CAUSED_BY	cause:d040e9a9072a
mode:b0073703440a	CAUSED_BY	cause:3f94d69ebee8
function:a50e5696e9287d55c8874256a6d9e12b	HAS_MODE	mode:54d334d6306a
mode:54be16bbc212	CAUSED_BY	cause:335dc73856c2
mode:846cf6596a8a	CAUSED_BY	cause:a0796c30bb37
function:7345f2478fa22a00af0c2c605295c816	HAS_MODE	mode:bea84a401af5
mode:5a7a57d7b436	LEADS_TO	effect:6986104b2d67
mode:29cd4135b142	CAUSED_BY	cause:133dbbcffb6b
mode:5a6846c09182	LEADS_TO	effect:1dc648cadd56
function:0db377921f4ce762c62526131097968f	HAS_MODE	mode:e24948f9aadb
mode:b9c03861e6a5	LEADS_TO	effect:1bfb6c752947
mode:e254ab4242e5	LEADS_TO	effect:f40089304683
element:a744d260ee77	HAS_FUNCTION	function:c4b4843d0272e020e9da59eaeb676fba
mode:c1bfed7c10f3	LEADS_TO	effect:60d71c3afa5c
mode:4a0c88033399	LEADS_TO	effect:fa83aa20b244
mode:0d51cc9174bc	LEADS_TO	effect:2ecdde68fb94
mode:2e05cc6b5fdd	LEADS_TO	effect:2f776b20b188
mode:a6aa35748c75	LEADS_TO	effect:4c711e799726
mode:f2dd3eff8175	CAUSED_BY	cause:7291eca26182
mode:73307549f18f	CAUSED_BY	cause:e802f00dc6b8
function:b6d6fd7e348412a7004bb77346af04ca	HAS_MODE	mode:df28a3c6bfa6
mode:279bff7b46b2	LEADS_TO	effect:ff737685d237
mode:83d5bff47e52	CAUSED_BY	cause:62db6045d8ab
mode:f738a9e1de69	CAUSED_BY	cause:f24e613906f6
mode:f5021b9f6532	CAUSED_BY	cause:a0200b5225bf
mode:27fd50c88bf6	CAUSED_BY	cause:2ef75fd36224
mode:74edbe1b9015	CAUSED_BY	cause:b734f13d9b0d
mode:698f4a75619e	LEADS_TO	effect:db143483996e
mode:61f8a07a73ec	LEADS_TO	effect:630f7957789d
mode:3dc2c0bcfd55	CAUSED_BY	cause:f26904368c26
mode:8696f2f6523e	LEADS_TO	effect:465e66a8fb85
function:1c304b0314a24518d6fc1c39e656f958	HAS_MODE	mode:e7e164f7dcc2
mode:944719267e68	LEADS_TO	effect:2ecdde68fb94
function:9bd9d0ebc081bd74f5bef4e136bb1aed	HAS_MODE	mode:0eab9e51b4e4
mode:bf7ebbfbd3be	CAUSED_BY	cause:02296868be0f
mode:2917ad9d7513	LEADS_TO	effect:eb3d4d9d7125
element:0421b8e6cef0	HAS_FUNCTION	function:cd145d6e2ef952c05ba9182f1d0705bd
mode:ac7909755b70	CAUSED_BY	cause:2dc87239fe3d
mode:d0795d78a891	CAUSED_BY	cause:329b7457568b
mode:538e835b4f33	LEADS_TO	effect:1e9d7910d1d6
mode:002070014e7d	CAUSED_BY	cause:9000e961ffbf
mode:8f68a9163e6b	LEADS_TO	effect:1dc648cadd56
mode:db795a03d2f7	LEADS_TO	effect:60d71c3afa5c
mode:2bab40109ab7	LEADS_TO	effect:223c6e715570
mode:e89e33906848	LEADS_TO	effect:55f99613fd4c
mode:560ff3c5fbdd	LEADS_TO	effect:d3ed6b524f98
function:6491f6e1d13ba8180edc0b66a0745336	HAS_MODE	mode:ad6bd5728383
mode:273d7896243a	CAUSED_BY	cause:e945d44fd43a
mode:3d21e9c32f85	LEADS_TO	effect:69344d418980
function:8c880fe54cae171fa97132f8c5e82297	HAS_MODE	mode:86e46cf131d4
element:4112fc8db5e3	HAS_FUNCTION	function:d39fac91967b42b92ec5265d63a15fa0
mode:8e8aa1bf04aa	CAUSED_BY	cause:018bc7655c4f
mode:2ded4bf4e934	CAUSED_BY	cause:9e81bf41a4b0
mode:6252a94d8aaf	LEADS_TO	effect:756125db9ca8
function:1629dd7660a8160bce325b0be3a6d70c	HAS_MODE	mode:ecaaf0c43f06
function:c4b4843d0272e020e9da59eaeb676fba	HAS_MODE	mode:b9625226b8fb
mode:0eab9e51b4e4	CAUSED_BY	cause:00995e6b947c
mode:9c5286392a75	CAUSED_BY	cause:a52b118d743c
mode:bebaf34df42a	LEADS_TO	effect:95d686fed479
mode:8d790b04a5f7	LEADS_TO	effect:a7b159d4e2d5
function:4071423ed32f4bd593404035979b6d11	HAS_MODE	mode:82f47bc4a22d
mode:bc7a9c9205ba	CAUSED_BY	cause:5acda67eee1d
mode:9758660df99c	LEADS_TO	effect:2ecdde68fb94
mode:f29bae383137	CAUSED_BY	cause:cbee7155293d
element:458a0d588bfc	HAS_FUNCTION	function:24dc76f4d1fcb8275c073f7a016c97d4
mode:8e5951c9fae6	LEADS_TO	effect:3ca94c964081
mode:cac305d864aa	CAUSED_BY	cause:90097c672f6d
mode:a3f884a79b0b	LEADS_TO	effect:6a2ef43d2aa2
mode:72fd4551cf29	CAUSED_BY	cause:ff59ff7ad0db
mode:69ccaec4e476	LEADS_TO	effect:61373bef8d18
mode:34bd575d8889	CAUSED_BY	cause:62f5f8755ada
mode:21e3f46c4cd2	LEADS_TO	effect:9e5b4f0eda34
mode:5f3b5fd66861	LEADS_TO	effect:268798c9667d
mode:44d702012a82	CAUSED_BY	cause:441f2c23427a
mode:bdb547b7147b	CAUSED_BY	cause:322573ccd06d
function:779a082370b4cdf3910de6b6aa230d56	HAS_MODE	mode:8696f2f6523e
mode:5c866e570384	CAUSED_BY	cause:a1bcbbe4e8e9
mode:4553c605dfe9	LEADS_TO	effect:3a12a53d48ab
mode:9d0aa834aa96	LEADS_TO	effect:142fab1c9b5c
mode:f2d5fe92856f	CAUSED_BY	cause:9bc93c71e5c1
mode:bb4bca3e0b1c	CAUSED_BY	cause:66825d2b39f7
mode:dc678c54098b	LEADS_TO	effect:b9ae67245b7c
mode:fe37a11b1cb1	CAUSED_BY	cause:f07425549da9
mode:8ec1fee7bad8	CAUSED_BY	cause:8d1664f3877e
mode:575aa8988e43	CAUSED_BY	cause:fac08320b9b7
mode:641a05dcc6cd	CAUSED_BY	cause:f1d5a4a8a772
mode:dff2e8e0d849	LEADS_TO	effect:c25e8474b284
mode:1e0cbca0acdd	CAUSED_BY	cause:c6f3f8379a0f
mode:1ce21e8ab81c	LEADS_TO	effect:60d71c3afa5c
function:73ea3ae20f2aaf87756625fc4f9dd73e	HAS_MODE	mode:ef24fd8767c9
mode:86e46cf131d4	LEADS_TO	effect:a7b159d4e2d5
mode:0d1032fe2c1b	CAUSED_BY	cause:7f63545fe3d9
mode:f32ff9843671	CAUSED_BY	cause:7653f176760d
mode:9c86e7ba063b	CAUSED_BY	cause:c9c39b7cb8dc
mode:dfc75866ef37	LEADS_TO	effect:a7b159d4e2d5
mode:d5c2f1885a20	CAUSED_BY	cause:e5852127e61f
mode:86fcfa00e721	LEADS_TO	effect:53d80fbb9ce2
mode:3180a74d5b86	CAUSED_BY	cause:da79f1ffb975
mode:281ee54993a7	CAUSED_BY	cause:9f69ec96d3b0
mode:0eab9e51b4e4	LEADS_TO	effect:a7b159d4e2d5
mode:0f42b7505004	CAUSED_BY	cause:1bc8a8342870
mode:f4142bec5ee3	CAUSED_BY	cause:329b7457568b
mode:a8ced1e7428b	CAUSED_BY	cause:5432de74243d
mode:463b6052b483	LEADS_TO	effect:9685ceef7329
mode:b9dcd5cd83c1	LEADS_TO	effect:ecb97adb8934
mode:5fd81d3bc86a	CAUSED_BY	cause:8989a9e2c3d6
mode:765cf974063a	CAUSED_BY	cause:d1e45a982e3d
mode:9e705d68fa59	LEADS_TO	effect:c56c4c776800
mode:9758660df99c	CAUSED_BY	cause:dd2c97297088
mode:ecfbc67e60db	LEADS_TO	effect:9dfc0dc24954
mode:4c957a430b19	LEADS_TO	effect:9e9a81e3a6a7
mode:b27315f3659f	LEADS_TO	effect:3b049bc41100
function:2c2ffb24e664ddd866d46e19f21f9f82	HAS_MODE	mode:a8c91a0c4ed7
mode:bcfc1a4c3735	CAUSED_BY	cause:7ecdc68fcf4b
mode:846cf6596a8a	CAUSED_BY	cause:4b52822357a9
mode:565bd282e44a	LEADS_TO	effect:8aafd1f1b0f9
mode:96905ce542da	CAUSED_BY	cause:0fe725e1a811
mode:32fd6686d7df	CAUSED_BY	cause:84beea7789d5
function:eb7b322ba74817fbb6787314ca6c245e	HAS_MODE	mode:3952289cbfa8
element:60ab3c8e6071	HAS_FUNCTION	function:0ce91a9cbcb7a129043f8d981e67b938
mode:5fd81d3bc86a	LEADS_TO	effect:dcf00d5b12ee
mode:205719d2ac1d	CAUSED_BY	cause:f5c64053ceec
mode:5f3b5fd66861	LEADS_TO	effect:3ca94c964081
function:6dc0ed2c0e4b7cb6dd2c84dd690b168a	HAS_MODE	mode:743156a6495f
mode:52d8b962d107	CAUSED_BY	cause:bef972e06898
mode:a4074cda994b	CAUSED_BY	cause:ec08bb59fbeb
mode:b0073703440a	LEADS_TO	effect:ecd2ea7f1d0b
function:80728b3fe7711907137d59854f4ea2d6	HAS_MODE	mode:8555e3935937
mode:b92c27cb1012	CAUSED_BY	cause:118fbc3406c8
mode:50c1945e69a4	LEADS_TO	effect:e61d0fba67e2
mode:a44e6fb296cd	CAUSED_BY	cause:b810209aaa78
mode:4138d729847e	LEADS_TO	effect:436d365cb08a
mode:0ee08f564a17	LEADS_TO	effect:b10bea28166b
mode:8e8aa1bf04aa	LEADS_TO	effect:346238130753
mode:a9e393bc87b0	LEADS_TO	effect:9e247c2c25af
mode:ce656e29bdf3	CAUSED_BY	cause:76b3616edeb1
mode:9ce3d3950065	CAUSED_BY	cause:7eae31b6efbe
mode:4dfc84502e86	LEADS_TO	effect:e3c185cdab9c
element:457ad593cac9	HAS_FUNCTION	function:1daf53ab97ff041195ecd922dd801628
mode:fa5a5e43568f	LEADS_TO	effect:ab896cb00292
mode:17e35070b9d3	CAUSED_BY	cause:f9211c5b842d
mode:86e46cf131d4	CAUSED_BY	cause:f2b142f26ee4
mode:b0073703440a	LEADS_TO	effect:4a9b21625efa
function:118b11fabfe46f261b9e9fc96c5d83b9	HAS_MODE	mode:9c6963f2d761
function:74248c725e00bf9fe04df4e35b249a19	HAS_MODE	mode:a9bdad4d1775
mode:353633af21c7	CAUSED_BY	cause:01a5dd022e25
function:9c34ebdc76c51a83ffdaa4b606088299	HAS_MODE	mode:6c3dc62ffc33
mode:5a428d824af6	LEADS_TO	effect:f40089304683
mode:ed4ee2835957	LEADS_TO	effect:fe4f4c07d6fd
element:93b8950ad8f5	HAS_FUNCTION	function:fe42236edd9516079def459e9ab3f379
mode:27e1f7069b4c	CAUSED_BY	cause:e20115096c49
mode:aa4b7f0d00c8	LEADS_TO	effect:40668984eb01
mode:2e05cc6b5fdd	CAUSED_BY	cause:4ba3e8e7df21
mode:050ea9f0fe81	LEADS_TO	effect:f495e344ca3f
mode:83c34da7e349	CAUSED_BY	cause:a7c9dc0b1246
mode:aa4b7f0d00c8	CAUSED_BY	cause:b5f7d54eba98
mode:5ae2f0fb4b17	LEADS_TO	effect:d6de02a6d41d
mode:ab5dc652baa8	CAUSED_BY	cause:b4d590bcd144
mode:432f3bc65f9e	CAUSED_BY	cause:611f5cfebb01
mode:21b6fae8fa4a	CAUSED_BY	cause:936e2fa10b34
mode:69ccaec4e476	CAUSED_BY	cause:317d52be495c
mode:8696f2f6523e	CAUSED_BY	cause:b810209aaa78
mode:69ccaec4e476	CAUSED_BY	cause:393ed0dd2dcb
element:2b36465859c2	HAS_FUNCTION	function:1629dd7660a8160bce325b0be3a6d70c
mode:6af1715096ea	CAUSED_BY	cause:85f71229a7c8
mode:314e715e7dbf	LEADS_TO	effect:41d2356e772e
mode:6450705af532	LEADS_TO	effect:3be7dd6f84b0
mode:6f103bb03816	LEADS_TO	effect:af6580c2eb5f
function:cd145d6e2ef952c05ba9182f1d0705bd	HAS_MODE	mode:d5b6f2d10f7d
mode:f0f5863822d8	CAUSED_BY	cause:c1f27c562cb6
mode:0826aca33bc0	LEADS_TO	effect:a7b159d4e2d5
mode:a8c91a0c4ed7	LEADS_TO	effect:fc02272ff27f
mode:1be4a6c1fc68	CAUSED_BY	cause:d7fda53a9ad3
mode:ecaaf0c43f06	CAUSED_BY	cause:ab77a19259ec
mode:5a0ae0e9787e	CAUSED_BY	cause:f1fac75a99e2
mode:a8c91a0c4ed7	CAUSED_BY	cause:6f93d81aa5e0
function:89e217b43fa976e2621588ebb6da3356	HAS_MODE	mode:8d634b20adc5
mode:9d45eea9e6cb	CAUSED_BY	cause:9dc9bacba9ed
mode:95753d85f4c9	LEADS_TO	effect:87c74ff895e0
mode:9c583a0a533a	CAUSED_BY	cause:b04282e1e7ec
mode:5f814a3c35f2	CAUSED_BY	cause:64d248393e74
mode:3917f5f97193	LEADS_TO	effect:5b99460e3b43
function:742b4822f96303a17c77343a2d34a944	HAS_MODE	mode:683de8d7e651
mode:3ddb62c0520e	LEADS_TO	effect:b1bbe3941001
mode:36917b3ec5e2	LEADS_TO	effect:de3a33e4274a
mode:0e68ae5d95eb	CAUSED_BY	cause:0418180ea9a1
function:1c304b0314a24518d6fc1c39e656f958	HAS_MODE	mode:3e62cf5faab2
mode:23212384f4e2	CAUSED_BY	cause:90b7e125c573
element:141d55025822	HAS_FUNCTION	function:50582b2307c1d1940eca4c940cfbb33e
mode:72d5c42f3295	CAUSED_BY	cause:48e57af5c04b
mode:2c6c83015220	LEADS_TO	effect:83692d19a264
mode:e8cd16564921	CAUSED_BY	cause:affca1ecc786
mode:e1784e78b5d5	LEADS_TO	effect:48fdefa7871c
mode:d63046f24155	LEADS_TO	effect:89aaf01eda2c
mode:9e95b60ccd41	CAUSED_BY	cause:df81498afd81
element:a5d8b915ec76	HAS_FUNCTION	function:a50e5696e9287d55c8874256a6d9e12b
mode:d7d53a72e7fb	CAUSED_BY	cause:714c5300c717
mode:2e05cc6b5fdd	CAUSED_BY	cause:a9ff9ae02553
mode:13a5c2264161	CAUSED_BY	cause:9d95a4e79df6
mode:1524c49ced6b	CAUSED_BY	cause:ac49efb47193
mode:19aa0606c279	CAUSED_BY	cause:96a15f2c4196
element:141d55025822	HAS_FUNCTION	function:43e0f2ed43c2ffe5f42b74720f767f40
mode:6b90406e0967	LEADS_TO	effect:80edd2ef2b3f
mode:af8c04c5a407	CAUSED_BY	cause:56dd438f3ab0
mode:273d7896243a	LEADS_TO	effect:960eb853d5cc
mode:511a0d70309c	LEADS_TO	effect:843d1997a99a
mode:aa49532a0fb0	LEADS_TO	effect:06a0581c5c3e
mode:d6a8d05b8a04	LEADS_TO	effect:9864586fafb5
mode:c55a22cd9cd9	CAUSED_BY	cause:b3897ed8ba22
mode:b4911e2b9299	CAUSED_BY	cause:a0370fd4d79c
mode:e87a2272339c	CAUSED_BY	cause:c738f86f4f62
mode:edc9324f9423	CAUSED_BY	cause:caeaf3df68b5
mode:d2e8e2a658c6	LEADS_TO	effect:cad9b696c6e0
mode:846cf6596a8a	LEADS_TO	effect:7f2d88be267e
mode:20c81c9c1115	LEADS_TO	effect:4ccdc15853bf
mode:f877c5f74392	CAUSED_BY	cause:511bc5c373be
mode:d0150dec3b10	CAUSED_BY	cause:533df053383d
mode:8d634b20adc5	LEADS_TO	effect:aa098eb6a193
mode:21b6fae8fa4a	CAUSED_BY	cause:e9d92acea279
mode:296592a77ed2	CAUSED_BY	cause:998c6be32b4e
mode:0e68ae5d95eb	LEADS_TO	effect:676a915dd2b5
element:60ab3c8e6071	HAS_FUNCTION	function:74248c725e00bf9fe04df4e35b249a19
mode:ca6f25e9f1de	LEADS_TO	effect:95d686fed479
mode:39265c89e00a	LEADS_TO	effect:282baf65fa2b
mode:6606d719199e	CAUSED_BY	cause:bb5d59ab1701
mode:ad912839fa3a	CAUSED_BY	cause:d3c223947bf5
mode:f82a900125f3	CAUSED_BY	cause:53db156dc27e
mode:a06083f7e86b	LEADS_TO	effect:5f6fd4e0caf7
mode:cd70dfa65516	CAUSED_BY	cause:44bbbd139d6c
mode:3318e92f16b9	CAUSED_BY	cause:be6ff5488130
mode:846cf6596a8a	CAUSED_BY	cause:e1accbfb5d63
mode:e771319751a6	LEADS_TO	effect:522546146aa7
mode:a1714aba3b49	CAUSED_BY	cause:681fa0f3a107
mode:6ba1bd94eadb	CAUSED_BY	cause:675245071fc7
mode:d0150dec3b10	CAUSED_BY	cause:ea0096a571be
mode:c79b2e5472f6	CAUSED_BY	cause:8484260cb796
mode:1050e519f3ac	LEADS_TO	effect:22b0473e3a48
mode:8e5951c9fae6	CAUSED_BY	cause:d4a98cd8c2cb
mode:f10e722fe01a	LEADS_TO	effect:3be7dd6f84b0
mode:994d58c128d8	LEADS_TO	effect:78a02677c585
mode:72b6760132e1	LEADS_TO	effect:38b84a132685
mode:8a5b437056aa	CAUSED_BY	cause:acf0ccc86143
mode:a0960907b02b	LEADS_TO	effect:643d5e858147
mode:e6153947a9cb	CAUSED_BY	cause:1cee76553ee4
mode:795dca65e19c	CAUSED_BY	cause:c5200acd479b
mode:1bf7ddf4d36f	CAUSED_BY	cause:8abbba189985
mode:9f8305720c0a	LEADS_TO	effect:67637e118afc
element:60ab3c8e6071	HAS_FUNCTION	function:f2c73d232c1b4da02f81760f1fa639ed
mode:560ff3c5fbdd	CAUSED_BY	cause:c8fe56131d50
element:62ed973d9639	HAS_FUNCTION	function:554eee4c195ae0dd1ccafbc75772b951
mode:836923aab083	CAUSED_BY	cause:002070014e7d
mode:31e70d337e30	LEADS_TO	effect:e3643a1db574
mode:8fddbf4b5bd2	LEADS_TO	effect:a4fa48818223
mode:ba1737c4e2cb	CAUSED_BY	cause:e81e4583cdd6
mode:45b0b61788c8	CAUSED_BY	cause:9459f2f2d18c
mode:30da238800ca	LEADS_TO	effect:027d326d0315
mode:547abd056626	CAUSED_BY	cause:85a1291ed6d1
mode:374863b66584	LEADS_TO	effect:db5a33c53a42
mode:82f47bc4a22d	LEADS_TO	effect:cdb7954f9525
mode:62857f941550	CAUSED_BY	cause:d3984b778682
mode:fcd2af2eac4d	LEADS_TO	effect:08a78e81b8a9
mode:32b7c266b3aa	LEADS_TO	effect:7d104cde7f7b
mode:6c8e7ba5b0ff	LEADS_TO	effect:a332c721d1a9
mode:2022ff439a12	LEADS_TO	effect:9e247c2c25af
mode:e1784e78b5d5	CAUSED_BY	cause:83e22ace533f
mode:34f033c46a6c	CAUSED_BY	cause:87d9d9bb54ab
mode:37c7fe25dc94	CAUSED_BY	cause:8885e5815449
mode:445904e8a03c	CAUSED_BY	cause:d14f34c9a1f9
function:b49baea756a8f4460f86164725000ca8	HAS_MODE	mode:641a05dcc6cd
element:60ab3c8e6071	HAS_FUNCTION	function:2a08fbadd4e699be2e9f576c375d31b8
mode:dc678c54098b	CAUSED_BY	cause:a9ff9ae02553
mode:b0073703440a	LEADS_TO	effect:5438e36e6b32
mode:3952289cbfa8	LEADS_TO	effect:60d71c3afa5c
function:1629dd7660a8160bce325b0be3a6d70c	HAS_MODE	mode:d83b4ce4de05
mode:743f37d3dffb	CAUSED_BY	cause:aea1cc6a00bc
mode:5d878b54d752	LEADS_TO	effect:19aa0606c279
mode:895e038262e9	CAUSED_BY	cause:a1bcbbe4e8e9
mode:3dcf2b52fb4f	CAUSED_BY	cause:e802f00dc6b8
mode:e3afe64c8cd9	LEADS_TO	effect:7c3b5ed992d3
mode:efbfc4f13c55	LEADS_TO	effect:2ecdde68fb94
mode:48499be19682	LEADS_TO	effect:027d326d0315
function:4604f841b0b16d3013cac1e2078e5b1b	HAS_MODE	mode:d17cc8492e56
mode:4138d729847e	CAUSED_BY	cause:f1d5a4a8a772
element:fb9758794a55	HAS_FUNCTION	function:5152cfad10f0562e2e1da5187f8ce22c
mode:01124d4612ff	CAUSED_BY	cause:2837ec2dfaaf
mode:db315317f5bd	CAUSED_BY	cause:b734f13d9b0d
mode:8d2f5608cc37	CAUSED_BY	cause:fe69432f976f
mode:2e05cc6b5fdd	LEADS_TO	effect:b9ae67245b7c
mode:be84c1bf48c2	CAUSED_BY	cause:90e3fa048c94
mode:9c6963f2d761	LEADS_TO	effect:60d71c3afa5c
function:8a740c8523bef6a8e34d77e2eb0d31ff	HAS_MODE	mode:3b3cc8712606
mode:1c5d5841ab2f	LEADS_TO	effect:22b0473e3a48
mode:a6d4e5315246	CAUSED_BY	cause:1703574bc7f8
mode:34f033c46a6c	CAUSED_BY	cause:7dcde0296def
mode:a20f20e12245	CAUSED_BY	cause:33ddf2e7731f
mode:c777d39b1d2c	CAUSED_BY	cause:c56856f79155
mode:099e605cb82c	CAUSED_BY	cause:15e3e8ec939a
mode:3dc2c0bcfd55	CAUSED_BY	cause:f6f82cc32114
mode:07de4e19593a	LEADS_TO	effect:643d5e858147
mode:6d240a697354	CAUSED_BY	cause:0e68ae5d95eb
element:d68d5809b919	HAS_FUNCTION	function:0db377921f4ce762c62526131097968f
element:185ee72ba510	HAS_FUNCTION	function:6472ce41c26babff27b4c28028093d77
mode:96ea114bb1eb	CAUSED_BY	cause:f61949d18e15
mode:f16cff5ecf9f	LEADS_TO	effect:643d5e858147
element:1f8db58fddb3	HAS_FUNCTION	function:8c4aa541ee911e8d80451ef8cc304806
mode:0eab9e51b4e4	CAUSED_BY	cause:ccdf6a80ad51
